<UserDefinedCodes xmlns="http://www.clearsoftware.com.au">
  <UserDefinedCode>
    <Code>ABITARE</Code>
    <Description>ABITARE LA CERAMICA</Description>
  </UserDefinedCode>
  <UserDefinedCode>
    <Code>ACE</Code>
    <Description>ACE CERAMICS</Description>
  </UserDefinedCode>
  <UserDefinedCode>
    <Code>BODE</Code>
    <Description>BODE</Description>
  </UserDefinedCode>
  <UserDefinedCode>
    <Code>CERCOM</Code>
    <Description>CERCOM CERAMICHE -- SERENISSIMA CIR INDUSTRIE CER</Description>
  </UserDefinedCode>
  <UserDefinedCode>
    <Code>CERDOMUS</Code>
    <Description>CERDOMUS -- CERINDUSTRIES SPA</Description>
  </UserDefinedCode>
  <UserDefinedCode>
    <Code>CERIM</Code>
    <Description>CERIM</Description>
  </UserDefinedCode>
  <UserDefinedCode>
    <Code>CISA</Code>
    <Description>CISA GRUPPO CERAMICHE RICHETTI S.P.A.</Description>
  </UserDefinedCode>
  <UserDefinedCode>
    <Code>COBSA</Code>
    <Description>COBSA</Description>
  </UserDefinedCode>
  <UserDefinedCode>
    <Code>COTTODEEST</Code>
    <Description>COTTO DE ESTE</Description>
  </UserDefinedCode>
  <UserDefinedCode>
    <Code>DECOCER</Code>
    <Description>DECOCER</Description>
  </UserDefinedCode>
  <UserDefinedCode>
    <Code>DUNE</Code>
    <Description>DUNE</Description>
  </UserDefinedCode>
  <UserDefinedCode>
    <Code>DURAGRES</Code>
    <Description>DURAGRES UMI</Description>
  </UserDefinedCode>
  <UserDefinedCode>
    <Code>EVERSTONE</Code>
    <Description>EVERSTONE</Description>
  </UserDefinedCode>
  <UserDefinedCode>
    <Code>GUOCERA</Code>
    <Description>GUOCERA</Description>
  </UserDefinedCode>
  <UserDefinedCode>
    <Code>KALE</Code>
    <Description>KALE KALEBODUR</Description>
  </UserDefinedCode>
  <UserDefinedCode>
    <Code>KIMGRES</Code>
    <Description>KIMGRES</Description>
  </UserDefinedCode>
  <UserDefinedCode>
    <Code>KINGDOM</Code>
    <Description>KINGDOM</Description>
  </UserDefinedCode>
  <UserDefinedCode>
    <Code>KUTAHYA</Code>
    <Description>KUTAHYA SERAMIK</Description>
  </UserDefinedCode>
  <UserDefinedCode>
    <Code>MAJORCA</Code>
    <Description>MAJORCA SPA</Description>
  </UserDefinedCode>
  <UserDefinedCode>
    <Code>MARAZZI</Code>
    <Description>MARAZZI</Description>
  </UserDefinedCode>
  <UserDefinedCode>
    <Code>MARCOTTA</Code>
    <Description>MARCOTTA</Description>
  </UserDefinedCode>
  <UserDefinedCode>
    <Code>MING BON</Code>
    <Description>MING BON</Description>
  </UserDefinedCode>
  <UserDefinedCode>
    <Code>MML</Code>
    <Description>MALAYSIA MOSAICS LIMITED</Description>
  </UserDefinedCode>
  <UserDefinedCode>
    <Code>NCI</Code>
    <Description>NCI (NCIA) NATIONAL CERAMIC INDUSTRIES AUSTRALIA</Description>
  </UserDefinedCode>
  <UserDefinedCode>
    <Code>NIRO</Code>
    <Description>NIRO</Description>
  </UserDefinedCode>
  <UserDefinedCode>
    <Code>NOVABELL</Code>
    <Description>NOVABELL</Description>
  </UserDefinedCode>
  <UserDefinedCode>
    <Code>PANARIA</Code>
    <Description>PANARIA</Description>
  </UserDefinedCode>
  <UserDefinedCode>
    <Code>PLAZA</Code>
    <Description>PLAZA</Description>
  </UserDefinedCode>
  <UserDefinedCode>
    <Code>SALCAMAR</Code>
    <Description>SALCAMAR VILAR ALBARO</Description>
  </UserDefinedCode>
  <UserDefinedCode>
    <Code>SERENISSIM</Code>
    <Description>SERENISSIMA CIR IND. CERAMICHE SPA</Description>
  </UserDefinedCode>
  <UserDefinedCode>
    <Code>SOUTHERN C</Code>
    <Description>SOUTHERN CROSS CERAMICS</Description>
  </UserDefinedCode>
  <UserDefinedCode>
    <Code>TAGINA</Code>
    <Description>TAGINA CERAMICHE D'ARTE SPA</Description>
  </UserDefinedCode>
  <UserDefinedCode>
    <Code>TAICERA</Code>
    <Description>TAICERA</Description>
  </UserDefinedCode>
  <UserDefinedCode>
    <Code>THAICERA</Code>
    <Description>THAICERA COTTO TILES</Description>
  </UserDefinedCode>
  <UserDefinedCode>
    <Code>USAK</Code>
    <Description>USAK SERAMIK</Description>
  </UserDefinedCode>
  <UserDefinedCode>
    <Code>VERDE</Code>
    <Description>VERDE 1999 SRL</Description>
  </UserDefinedCode>
  <UserDefinedCode>
    <Code>VITRA</Code>
    <Description>VITRA</Description>
  </UserDefinedCode>
  <UserDefinedCode>
    <Code>VIVA</Code>
    <Description>VIVA SRL</Description>
  </UserDefinedCode>
</UserDefinedCodes>
