<UserDefinedCodes xmlns="http://www.clearsoftware.com.au">
  <UserDefinedCode>
    <Code>104-2-5U</Code>
    <Description>104-2-5U</Description>
  </UserDefinedCode>
  <UserDefinedCode>
    <Code>105-4-5U</Code>
    <Description>105-4-5U</Description>
  </UserDefinedCode>
  <UserDefinedCode>
    <Code>107-4-4C</Code>
    <Description>107-4-4C</Description>
  </UserDefinedCode>
  <UserDefinedCode>
    <Code>11-0105TPX</Code>
    <Description>ANTIQUE WHITE</Description>
  </UserDefinedCode>
  <UserDefinedCode>
    <Code>11-0601TPX</Code>
    <Description>BRIGHT WHITE</Description>
  </UserDefinedCode>
  <UserDefinedCode>
    <Code>11-0701TPX</Code>
    <Description>WHISPER WHITE</Description>
  </UserDefinedCode>
  <UserDefinedCode>
    <Code>11-4201TPX</Code>
    <Description>CLOUD DANCER</Description>
  </UserDefinedCode>
  <UserDefinedCode>
    <Code>11-4202TPX</Code>
    <Description>STAR WHITE</Description>
  </UserDefinedCode>
  <UserDefinedCode>
    <Code>11-4301TPX</Code>
    <Description>LILLY WHITE</Description>
  </UserDefinedCode>
  <UserDefinedCode>
    <Code>11-4303TCX</Code>
    <Description>MYSTIC BLUE</Description>
  </UserDefinedCode>
  <UserDefinedCode>
    <Code>11-4800TPX</Code>
    <Description>BLANC DE BLANC</Description>
  </UserDefinedCode>
  <UserDefinedCode>
    <Code>112-1-3U</Code>
    <Description>112-1-3U</Description>
  </UserDefinedCode>
  <UserDefinedCode>
    <Code>112-1-7C</Code>
    <Description>112-1-7C</Description>
  </UserDefinedCode>
  <UserDefinedCode>
    <Code>12-0000TPX</Code>
    <Description>WHITE SWAN</Description>
  </UserDefinedCode>
  <UserDefinedCode>
    <Code>12-0104TCX</Code>
    <Description>WHITE ASPARAGUS</Description>
  </UserDefinedCode>
  <UserDefinedCode>
    <Code>12-0404TCX</Code>
    <Description>LIGHT GRAY</Description>
  </UserDefinedCode>
  <UserDefinedCode>
    <Code>12-0404TPX</Code>
    <Description>LIGHT GRAY</Description>
  </UserDefinedCode>
  <UserDefinedCode>
    <Code>12-0601TPX</Code>
    <Description>EGGNOG</Description>
  </UserDefinedCode>
  <UserDefinedCode>
    <Code>12-0704TPX</Code>
    <Description>WHITE SMOKE</Description>
  </UserDefinedCode>
  <UserDefinedCode>
    <Code>12-4302TCX</Code>
    <Description>VAPOROUS GRAY</Description>
  </UserDefinedCode>
  <UserDefinedCode>
    <Code>12-4306TCX</Code>
    <Description>BARELY BLUE</Description>
  </UserDefinedCode>
  <UserDefinedCode>
    <Code>12-5201TCX</Code>
    <Description>ICICLE</Description>
  </UserDefinedCode>
  <UserDefinedCode>
    <Code>12-5202TPX</Code>
    <Description>TURTLEDOVE</Description>
  </UserDefinedCode>
  <UserDefinedCode>
    <Code>124-3-2U</Code>
    <Description>124-3-2U</Description>
  </UserDefinedCode>
  <UserDefinedCode>
    <Code>13-0000TPX</Code>
    <Description>MOONBEAM</Description>
  </UserDefinedCode>
  <UserDefinedCode>
    <Code>13-0401TPX</Code>
    <Description>OATMEAL</Description>
  </UserDefinedCode>
  <UserDefinedCode>
    <Code>13-0403TPX</Code>
    <Description>GRAY MORN</Description>
  </UserDefinedCode>
  <UserDefinedCode>
    <Code>13-0513TPX</Code>
    <Description>FROZEN DEW</Description>
  </UserDefinedCode>
  <UserDefinedCode>
    <Code>13-0607TPX</Code>
    <Description>FOG</Description>
  </UserDefinedCode>
  <UserDefinedCode>
    <Code>13-0739TCX</Code>
    <Description>CREAM GOLD</Description>
  </UserDefinedCode>
  <UserDefinedCode>
    <Code>13-0755TPX</Code>
    <Description>PRIMROSE YELLOW</Description>
  </UserDefinedCode>
  <UserDefinedCode>
    <Code>13-0907TPX</Code>
    <Description>SANDSHELL</Description>
  </UserDefinedCode>
  <UserDefinedCode>
    <Code>13-0908TPX</Code>
    <Description>PARCHMENT</Description>
  </UserDefinedCode>
  <UserDefinedCode>
    <Code>13-1007TCX</Code>
    <Description>OYSTER WHITE</Description>
  </UserDefinedCode>
  <UserDefinedCode>
    <Code>13-1012TPX</Code>
    <Description>FROSTED ALMOND</Description>
  </UserDefinedCode>
  <UserDefinedCode>
    <Code>13-1107TPX</Code>
    <Description>WHISPER PINK</Description>
  </UserDefinedCode>
  <UserDefinedCode>
    <Code>13-4305</Code>
    <Description>13-4305</Description>
  </UserDefinedCode>
  <UserDefinedCode>
    <Code>13-4403TCX</Code>
    <Description>SILVER BIRCH</Description>
  </UserDefinedCode>
  <UserDefinedCode>
    <Code>13-5-1U</Code>
    <Description>13-5-1U</Description>
  </UserDefinedCode>
  <UserDefinedCode>
    <Code>13-5304TPX</Code>
    <Description>RAINY DAY</Description>
  </UserDefinedCode>
  <UserDefinedCode>
    <Code>130-1-6U</Code>
    <Description>130-1-6U</Description>
  </UserDefinedCode>
  <UserDefinedCode>
    <Code>131-2-5-U</Code>
    <Description>131-2-5-U</Description>
  </UserDefinedCode>
  <UserDefinedCode>
    <Code>132-2-6U</Code>
    <Description>132-2-6U</Description>
  </UserDefinedCode>
  <UserDefinedCode>
    <Code>135-2-4U</Code>
    <Description>135-2-4U</Description>
  </UserDefinedCode>
  <UserDefinedCode>
    <Code>14-0000TPX</Code>
    <Description>SILVER GRAY</Description>
  </UserDefinedCode>
  <UserDefinedCode>
    <Code>14-0002TPX</Code>
    <Description>PUMICE STONE</Description>
  </UserDefinedCode>
  <UserDefinedCode>
    <Code>14-0105TCX</Code>
    <Description>OVERCAST</Description>
  </UserDefinedCode>
  <UserDefinedCode>
    <Code>14-0108TCX</Code>
    <Description>CASTLE WALL</Description>
  </UserDefinedCode>
  <UserDefinedCode>
    <Code>14-0210TCX</Code>
    <Description>TIDAL FOAM</Description>
  </UserDefinedCode>
  <UserDefinedCode>
    <Code>14-0708TPX</Code>
    <Description>CEMENT</Description>
  </UserDefinedCode>
  <UserDefinedCode>
    <Code>14-0755TCX</Code>
    <Description>SULPHUR</Description>
  </UserDefinedCode>
  <UserDefinedCode>
    <Code>14-1036TCX</Code>
    <Description>OCHRE</Description>
  </UserDefinedCode>
  <UserDefinedCode>
    <Code>14-1106TPX</Code>
    <Description>PEYOTE</Description>
  </UserDefinedCode>
  <UserDefinedCode>
    <Code>14-1107TPX</Code>
    <Description>OYSTER GRAY</Description>
  </UserDefinedCode>
  <UserDefinedCode>
    <Code>14-1108TCX</Code>
    <Description>WOOD ASH</Description>
  </UserDefinedCode>
  <UserDefinedCode>
    <Code>14-1112TCX</Code>
    <Description>PEBBLE</Description>
  </UserDefinedCode>
  <UserDefinedCode>
    <Code>14-1119TCX</Code>
    <Description>WINTER WHEAT</Description>
  </UserDefinedCode>
  <UserDefinedCode>
    <Code>14-1209TPX</Code>
    <Description>SMOKE GRAY</Description>
  </UserDefinedCode>
  <UserDefinedCode>
    <Code>14-4103TPX</Code>
    <Description>GRAY VIOLET</Description>
  </UserDefinedCode>
  <UserDefinedCode>
    <Code>14-4500TCX</Code>
    <Description>MOONSTRUCK</Description>
  </UserDefinedCode>
  <UserDefinedCode>
    <Code>14-4501TCX</Code>
    <Description>SILVER LINING</Description>
  </UserDefinedCode>
  <UserDefinedCode>
    <Code>14-4503TCX</Code>
    <Description>METAL</Description>
  </UserDefinedCode>
  <UserDefinedCode>
    <Code>14-6007TPX</Code>
    <Description>SEA FOAM</Description>
  </UserDefinedCode>
  <UserDefinedCode>
    <Code>14-6305TCX</Code>
    <Description>PELICAN</Description>
  </UserDefinedCode>
  <UserDefinedCode>
    <Code>14-6408TCX</Code>
    <Description>ABBEY STONE</Description>
  </UserDefinedCode>
  <UserDefinedCode>
    <Code>15-0000</Code>
    <Description>15-0000</Description>
  </UserDefinedCode>
  <UserDefinedCode>
    <Code>15-0309TCX</Code>
    <Description>SPRAY GREEN</Description>
  </UserDefinedCode>
  <UserDefinedCode>
    <Code>15-0332TPX</Code>
    <Description>LEAF GREEN</Description>
  </UserDefinedCode>
  <UserDefinedCode>
    <Code>15-0513TPX</Code>
    <Description>EUCALYPTUS</Description>
  </UserDefinedCode>
  <UserDefinedCode>
    <Code>15-1116TCX</Code>
    <Description>SAFARI</Description>
  </UserDefinedCode>
  <UserDefinedCode>
    <Code>15-1215</Code>
    <Description>15-1215</Description>
  </UserDefinedCode>
  <UserDefinedCode>
    <Code>15-1215TCX</Code>
    <Description>SESAME</Description>
  </UserDefinedCode>
  <UserDefinedCode>
    <Code>15-1217TCX</Code>
    <Description>MOJAVE DESERT</Description>
  </UserDefinedCode>
  <UserDefinedCode>
    <Code>15-1225TCX</Code>
    <Description>15-1225TCX</Description>
  </UserDefinedCode>
  <UserDefinedCode>
    <Code>15-1305TCX</Code>
    <Description>FEATHER GRAY</Description>
  </UserDefinedCode>
  <UserDefinedCode>
    <Code>15-1305TPX</Code>
    <Description>FEATHER GRAY</Description>
  </UserDefinedCode>
  <UserDefinedCode>
    <Code>15-1306TCX</Code>
    <Description>OXFORD TAN</Description>
  </UserDefinedCode>
  <UserDefinedCode>
    <Code>15-1309TPX</Code>
    <Description>MOONLIGHT</Description>
  </UserDefinedCode>
  <UserDefinedCode>
    <Code>15-4502TPX</Code>
    <Description>SILVER CLOUD</Description>
  </UserDefinedCode>
  <UserDefinedCode>
    <Code>15-4503TCX</Code>
    <Description>CHATEAU GRAY</Description>
  </UserDefinedCode>
  <UserDefinedCode>
    <Code>15-4703TCX</Code>
    <Description>MIRAGE GRAY</Description>
  </UserDefinedCode>
  <UserDefinedCode>
    <Code>15-5704</Code>
    <Description>15-5704</Description>
  </UserDefinedCode>
  <UserDefinedCode>
    <Code>15-6304TCX</Code>
    <Description>PUSSYWILLOW GRAY</Description>
  </UserDefinedCode>
  <UserDefinedCode>
    <Code>150-2-1C</Code>
    <Description>150-2-1C</Description>
  </UserDefinedCode>
  <UserDefinedCode>
    <Code>150-2-2U</Code>
    <Description>150-2-2U</Description>
  </UserDefinedCode>
  <UserDefinedCode>
    <Code>150-2-5U</Code>
    <Description>150-2-5U</Description>
  </UserDefinedCode>
  <UserDefinedCode>
    <Code>151-2-6U</Code>
    <Description>151-2-6U</Description>
  </UserDefinedCode>
  <UserDefinedCode>
    <Code>153-1-1C</Code>
    <Description>153-1-1C</Description>
  </UserDefinedCode>
  <UserDefinedCode>
    <Code>153-1-2U</Code>
    <Description>153-1-2U</Description>
  </UserDefinedCode>
  <UserDefinedCode>
    <Code>154-1-3U</Code>
    <Description>154-1-3U</Description>
  </UserDefinedCode>
  <UserDefinedCode>
    <Code>154-1-4U</Code>
    <Description>154-1-4U</Description>
  </UserDefinedCode>
  <UserDefinedCode>
    <Code>154-1-5U</Code>
    <Description>154-1-5U</Description>
  </UserDefinedCode>
  <UserDefinedCode>
    <Code>154-1-6U</Code>
    <Description>154-1-6U</Description>
  </UserDefinedCode>
  <UserDefinedCode>
    <Code>155-1-6U</Code>
    <Description>155-1-6U</Description>
  </UserDefinedCode>
  <UserDefinedCode>
    <Code>155-1-7U</Code>
    <Description>155-1-7U</Description>
  </UserDefinedCode>
  <UserDefinedCode>
    <Code>156-1-7U</Code>
    <Description>156-1-7U</Description>
  </UserDefinedCode>
  <UserDefinedCode>
    <Code>157-1-5C</Code>
    <Description>157-1-5C</Description>
  </UserDefinedCode>
  <UserDefinedCode>
    <Code>157-1-6U</Code>
    <Description>157-1-6U</Description>
  </UserDefinedCode>
  <UserDefinedCode>
    <Code>158-1-7C</Code>
    <Description>158-1-7C</Description>
  </UserDefinedCode>
  <UserDefinedCode>
    <Code>159-1-7C</Code>
    <Description>159-1-7C</Description>
  </UserDefinedCode>
  <UserDefinedCode>
    <Code>159-1-7U</Code>
    <Description>159-1-7U</Description>
  </UserDefinedCode>
  <UserDefinedCode>
    <Code>16-0207</Code>
    <Description>LONDON FOG</Description>
  </UserDefinedCode>
  <UserDefinedCode>
    <Code>16-0806TPX</Code>
    <Description>GOAT</Description>
  </UserDefinedCode>
  <UserDefinedCode>
    <Code>16-0906TPX</Code>
    <Description>SIMPLY TAUPE</Description>
  </UserDefinedCode>
  <UserDefinedCode>
    <Code>16-0924TPX</Code>
    <Description>CROISSANT</Description>
  </UserDefinedCode>
  <UserDefinedCode>
    <Code>16-0940TPX</Code>
    <Description>TAFFY</Description>
  </UserDefinedCode>
  <UserDefinedCode>
    <Code>16-1010TCX</Code>
    <Description>INCENSE</Description>
  </UserDefinedCode>
  <UserDefinedCode>
    <Code>16-1105TPX</Code>
    <Description>PLAZA TAUPE</Description>
  </UserDefinedCode>
  <UserDefinedCode>
    <Code>16-1107TCX</Code>
    <Description>ALUMINUM</Description>
  </UserDefinedCode>
  <UserDefinedCode>
    <Code>16-1210TPX</Code>
    <Description>LIGHT TAUPE</Description>
  </UserDefinedCode>
  <UserDefinedCode>
    <Code>16-1212</Code>
    <Description>16-1212</Description>
  </UserDefinedCode>
  <UserDefinedCode>
    <Code>16-1212TPX</Code>
    <Description>NOMAD</Description>
  </UserDefinedCode>
  <UserDefinedCode>
    <Code>16-1315TCX</Code>
    <Description>CORNSTALK</Description>
  </UserDefinedCode>
  <UserDefinedCode>
    <Code>16-1320TPX</Code>
    <Description>NOUGAT</Description>
  </UserDefinedCode>
  <UserDefinedCode>
    <Code>16-1332TCX</Code>
    <Description>PHEASANT</Description>
  </UserDefinedCode>
  <UserDefinedCode>
    <Code>16-1406TPX</Code>
    <Description>ATMOSPHERE</Description>
  </UserDefinedCode>
  <UserDefinedCode>
    <Code>16-1429TCX</Code>
    <Description>SUNBURN</Description>
  </UserDefinedCode>
  <UserDefinedCode>
    <Code>16-4132TCX</Code>
    <Description>LITTLE BOY BLUE</Description>
  </UserDefinedCode>
  <UserDefinedCode>
    <Code>16-4402PCX</Code>
    <Description>DRIZZLE</Description>
  </UserDefinedCode>
  <UserDefinedCode>
    <Code>16-4525TCX</Code>
    <Description>MAUI BLUE</Description>
  </UserDefinedCode>
  <UserDefinedCode>
    <Code>16-5-4C</Code>
    <Description>16-5-4C</Description>
  </UserDefinedCode>
  <UserDefinedCode>
    <Code>16-5109TCX</Code>
    <Description>WASABI</Description>
  </UserDefinedCode>
  <UserDefinedCode>
    <Code>16-5803TPX</Code>
    <Description>FLINT GRAY</Description>
  </UserDefinedCode>
  <UserDefinedCode>
    <Code>161-1-4C</Code>
    <Description>161-1-4C</Description>
  </UserDefinedCode>
  <UserDefinedCode>
    <Code>161-1-6U</Code>
    <Description>161-1-6U</Description>
  </UserDefinedCode>
  <UserDefinedCode>
    <Code>161-1-7C</Code>
    <Description>161-1-7C</Description>
  </UserDefinedCode>
  <UserDefinedCode>
    <Code>161-1-7U</Code>
    <Description>161-1-7U</Description>
  </UserDefinedCode>
  <UserDefinedCode>
    <Code>1615U</Code>
    <Description>1615U</Description>
  </UserDefinedCode>
  <UserDefinedCode>
    <Code>162-1-7C</Code>
    <Description>162-1-7C</Description>
  </UserDefinedCode>
  <UserDefinedCode>
    <Code>162-1-7U</Code>
    <Description>162-1-7U</Description>
  </UserDefinedCode>
  <UserDefinedCode>
    <Code>164-1-3C</Code>
    <Description>164-1-3C</Description>
  </UserDefinedCode>
  <UserDefinedCode>
    <Code>164-1-4U</Code>
    <Description>164-1-4U</Description>
  </UserDefinedCode>
  <UserDefinedCode>
    <Code>164-1-5U</Code>
    <Description>164-1-5U</Description>
  </UserDefinedCode>
  <UserDefinedCode>
    <Code>164-1-6C</Code>
    <Description>164-1-6C</Description>
  </UserDefinedCode>
  <UserDefinedCode>
    <Code>164-1-6U</Code>
    <Description>164-1-6U</Description>
  </UserDefinedCode>
  <UserDefinedCode>
    <Code>164-1-7C</Code>
    <Description>164-1-7C</Description>
  </UserDefinedCode>
  <UserDefinedCode>
    <Code>164-1-7U</Code>
    <Description>164-1-7U</Description>
  </UserDefinedCode>
  <UserDefinedCode>
    <Code>165-1-1C</Code>
    <Description>165-1-1C</Description>
  </UserDefinedCode>
  <UserDefinedCode>
    <Code>165-1-4U</Code>
    <Description>165-1-4U</Description>
  </UserDefinedCode>
  <UserDefinedCode>
    <Code>165-1-6C</Code>
    <Description>165-1-6C</Description>
  </UserDefinedCode>
  <UserDefinedCode>
    <Code>168-1-5U</Code>
    <Description>168-1-5U</Description>
  </UserDefinedCode>
  <UserDefinedCode>
    <Code>17-0000TPX</Code>
    <Description>FROST GRAY</Description>
  </UserDefinedCode>
  <UserDefinedCode>
    <Code>17-0145TPX</Code>
    <Description>ONLINE LIME</Description>
  </UserDefinedCode>
  <UserDefinedCode>
    <Code>17-0205TCX</Code>
    <Description>ELEPHANT SKIN</Description>
  </UserDefinedCode>
  <UserDefinedCode>
    <Code>17-0510TCX</Code>
    <Description>SILVER SAGE</Description>
  </UserDefinedCode>
  <UserDefinedCode>
    <Code>17-0610TCX</Code>
    <Description>LAUREL OAK</Description>
  </UserDefinedCode>
  <UserDefinedCode>
    <Code>17-0808TCX</Code>
    <Description>TAUPE GRAY</Description>
  </UserDefinedCode>
  <UserDefinedCode>
    <Code>17-0909TCX</Code>
    <Description>FOSSIL</Description>
  </UserDefinedCode>
  <UserDefinedCode>
    <Code>17-1048TCX</Code>
    <Description>INCA GOLD</Description>
  </UserDefinedCode>
  <UserDefinedCode>
    <Code>17-1107TCX</Code>
    <Description>SENECA ROCK</Description>
  </UserDefinedCode>
  <UserDefinedCode>
    <Code>17-1113TCX</Code>
    <Description>CORIANDER</Description>
  </UserDefinedCode>
  <UserDefinedCode>
    <Code>17-1113TPX</Code>
    <Description>CORIANDER</Description>
  </UserDefinedCode>
  <UserDefinedCode>
    <Code>17-1210TPX</Code>
    <Description>MOON ROCK</Description>
  </UserDefinedCode>
  <UserDefinedCode>
    <Code>17-1212TPX</Code>
    <Description>FUNGI</Description>
  </UserDefinedCode>
  <UserDefinedCode>
    <Code>17-1310TCX</Code>
    <Description>TIMBER WOLF</Description>
  </UserDefinedCode>
  <UserDefinedCode>
    <Code>17-1320TPX</Code>
    <Description>TANNIN</Description>
  </UserDefinedCode>
  <UserDefinedCode>
    <Code>17-1327TPX</Code>
    <Description>TOBACCO BROWN</Description>
  </UserDefinedCode>
  <UserDefinedCode>
    <Code>17-1418</Code>
    <Description>17-1418</Description>
  </UserDefinedCode>
  <UserDefinedCode>
    <Code>17-1418TPX</Code>
    <Description>GINGER SNAP</Description>
  </UserDefinedCode>
  <UserDefinedCode>
    <Code>17-1500TPX</Code>
    <Description>STEEPLE GRAY</Description>
  </UserDefinedCode>
  <UserDefinedCode>
    <Code>17-4405TPX</Code>
    <Description>MONUMENT</Description>
  </UserDefinedCode>
  <UserDefinedCode>
    <Code>17-5102TCX</Code>
    <Description>GRIFFIN</Description>
  </UserDefinedCode>
  <UserDefinedCode>
    <Code>18-0130TCX</Code>
    <Description>CACTUS</Description>
  </UserDefinedCode>
  <UserDefinedCode>
    <Code>18-0201TCX</Code>
    <Description>CASTLE ROCK</Description>
  </UserDefinedCode>
  <UserDefinedCode>
    <Code>18-0306TCX</Code>
    <Description>GUNMETAL</Description>
  </UserDefinedCode>
  <UserDefinedCode>
    <Code>18-0403TCX</Code>
    <Description>DARK GULL GRAY</Description>
  </UserDefinedCode>
  <UserDefinedCode>
    <Code>18-0513TPX</Code>
    <Description>BUNGEE CORD</Description>
  </UserDefinedCode>
  <UserDefinedCode>
    <Code>18-1015TCX</Code>
    <Description>SHITAKE</Description>
  </UserDefinedCode>
  <UserDefinedCode>
    <Code>18-1110TPX</Code>
    <Description>BRINDLE</Description>
  </UserDefinedCode>
  <UserDefinedCode>
    <Code>18-1112TPX</Code>
    <Description>WALNUT</Description>
  </UserDefinedCode>
  <UserDefinedCode>
    <Code>18-1248TPX</Code>
    <Description>RUST</Description>
  </UserDefinedCode>
  <UserDefinedCode>
    <Code>18-1343TCX</Code>
    <Description>AUBURN</Description>
  </UserDefinedCode>
  <UserDefinedCode>
    <Code>18-1547TPX</Code>
    <Description>BOSSA NOVA</Description>
  </UserDefinedCode>
  <UserDefinedCode>
    <Code>18-3949TCX</Code>
    <Description>DAZZLING BLUE</Description>
  </UserDefinedCode>
  <UserDefinedCode>
    <Code>18-4005TCX</Code>
    <Description>STEEL GRAY</Description>
  </UserDefinedCode>
  <UserDefinedCode>
    <Code>18-5203TCX</Code>
    <Description>PEWTER</Description>
  </UserDefinedCode>
  <UserDefinedCode>
    <Code>18-5725TCX</Code>
    <Description>GALAPAGOS GREEN</Description>
  </UserDefinedCode>
  <UserDefinedCode>
    <Code>19-0000TCX</Code>
    <Description>RAVEN</Description>
  </UserDefinedCode>
  <UserDefinedCode>
    <Code>19-0303TPX</Code>
    <Description>JET BLACK</Description>
  </UserDefinedCode>
  <UserDefinedCode>
    <Code>19-0508</Code>
    <Description>19-0508</Description>
  </UserDefinedCode>
  <UserDefinedCode>
    <Code>19-0810TCX</Code>
    <Description>MAJOR BROWN</Description>
  </UserDefinedCode>
  <UserDefinedCode>
    <Code>19-0812TCX</Code>
    <Description>TURKISH COFFEE</Description>
  </UserDefinedCode>
  <UserDefinedCode>
    <Code>19-3906TCX</Code>
    <Description>DARK SHADOW</Description>
  </UserDefinedCode>
  <UserDefinedCode>
    <Code>19-3933TCX</Code>
    <Description>MEDIEVAL BLUE</Description>
  </UserDefinedCode>
  <UserDefinedCode>
    <Code>19-3933TPX</Code>
    <Description>MEDIEVAL BLUE</Description>
  </UserDefinedCode>
  <UserDefinedCode>
    <Code>19-3952</Code>
    <Description>19-3952</Description>
  </UserDefinedCode>
  <UserDefinedCode>
    <Code>19-4044TCX</Code>
    <Description>LIMOGES</Description>
  </UserDefinedCode>
  <UserDefinedCode>
    <Code>19-4205TPX</Code>
    <Description>PHANTOM</Description>
  </UserDefinedCode>
  <UserDefinedCode>
    <Code>19-4305</Code>
    <Description>19-4305</Description>
  </UserDefinedCode>
  <UserDefinedCode>
    <Code>19-4305TCX</Code>
    <Description>PIRATE BLACK</Description>
  </UserDefinedCode>
  <UserDefinedCode>
    <Code>19-4324TCX</Code>
    <Description>LEGION BLUE</Description>
  </UserDefinedCode>
  <UserDefinedCode>
    <Code>21-4-7C</Code>
    <Description>21-4-7C</Description>
  </UserDefinedCode>
  <UserDefinedCode>
    <Code>23-5-7C</Code>
    <Description>23-5-7C</Description>
  </UserDefinedCode>
  <UserDefinedCode>
    <Code>273C</Code>
    <Description>273C</Description>
  </UserDefinedCode>
  <UserDefinedCode>
    <Code>2745C</Code>
    <Description>2745C</Description>
  </UserDefinedCode>
  <UserDefinedCode>
    <Code>274C</Code>
    <Description>274C</Description>
  </UserDefinedCode>
  <UserDefinedCode>
    <Code>2755C</Code>
    <Description>2755C</Description>
  </UserDefinedCode>
  <UserDefinedCode>
    <Code>2756C</Code>
    <Description>2756C</Description>
  </UserDefinedCode>
  <UserDefinedCode>
    <Code>2766C</Code>
    <Description>2766C</Description>
  </UserDefinedCode>
  <UserDefinedCode>
    <Code>3298C</Code>
    <Description>3298C</Description>
  </UserDefinedCode>
  <UserDefinedCode>
    <Code>402U</Code>
    <Description>402U</Description>
  </UserDefinedCode>
  <UserDefinedCode>
    <Code>404U</Code>
    <Description>404U</Description>
  </UserDefinedCode>
  <UserDefinedCode>
    <Code>405C</Code>
    <Description>405C</Description>
  </UserDefinedCode>
  <UserDefinedCode>
    <Code>405U</Code>
    <Description>405U</Description>
  </UserDefinedCode>
  <UserDefinedCode>
    <Code>412U</Code>
    <Description>412U</Description>
  </UserDefinedCode>
  <UserDefinedCode>
    <Code>413U</Code>
    <Description>413U</Description>
  </UserDefinedCode>
  <UserDefinedCode>
    <Code>418U</Code>
    <Description>418U</Description>
  </UserDefinedCode>
  <UserDefinedCode>
    <Code>419U</Code>
    <Description>419U</Description>
  </UserDefinedCode>
  <UserDefinedCode>
    <Code>42-3-5C</Code>
    <Description>42-3-5C</Description>
  </UserDefinedCode>
  <UserDefinedCode>
    <Code>425C</Code>
    <Description>425C</Description>
  </UserDefinedCode>
  <UserDefinedCode>
    <Code>428U</Code>
    <Description>428U</Description>
  </UserDefinedCode>
  <UserDefinedCode>
    <Code>4525U</Code>
    <Description>4525U</Description>
  </UserDefinedCode>
  <UserDefinedCode>
    <Code>493U</Code>
    <Description>493U</Description>
  </UserDefinedCode>
  <UserDefinedCode>
    <Code>542U</Code>
    <Description>542U</Description>
  </UserDefinedCode>
  <UserDefinedCode>
    <Code>56-2-7C</Code>
    <Description>56-2-7C</Description>
  </UserDefinedCode>
  <UserDefinedCode>
    <Code>59-1-6C</Code>
    <Description>59-1-6C</Description>
  </UserDefinedCode>
  <UserDefinedCode>
    <Code>605C</Code>
    <Description>605C</Description>
  </UserDefinedCode>
  <UserDefinedCode>
    <Code>625U</Code>
    <Description>625U</Description>
  </UserDefinedCode>
  <UserDefinedCode>
    <Code>64-2-7C</Code>
    <Description>64-2-7C</Description>
  </UserDefinedCode>
  <UserDefinedCode>
    <Code>646U</Code>
    <Description>646U</Description>
  </UserDefinedCode>
  <UserDefinedCode>
    <Code>7-2-5C</Code>
    <Description>7-2-5C</Description>
  </UserDefinedCode>
  <UserDefinedCode>
    <Code>70-2-7U</Code>
    <Description>70-2-7U</Description>
  </UserDefinedCode>
  <UserDefinedCode>
    <Code>70-3-5C</Code>
    <Description>70-3-5C</Description>
  </UserDefinedCode>
  <UserDefinedCode>
    <Code>711C</Code>
    <Description>711C</Description>
  </UserDefinedCode>
  <UserDefinedCode>
    <Code>715C</Code>
    <Description>715C</Description>
  </UserDefinedCode>
  <UserDefinedCode>
    <Code>72-2-2U</Code>
    <Description>72-2-2U</Description>
  </UserDefinedCode>
  <UserDefinedCode>
    <Code>72-2-5C</Code>
    <Description>72-2-5C</Description>
  </UserDefinedCode>
  <UserDefinedCode>
    <Code>72-2-6C</Code>
    <Description>72-2-6C</Description>
  </UserDefinedCode>
  <UserDefinedCode>
    <Code>72-3-4U</Code>
    <Description>72-3-4U</Description>
  </UserDefinedCode>
  <UserDefinedCode>
    <Code>72-3-7U</Code>
    <Description>72-3-7U</Description>
  </UserDefinedCode>
  <UserDefinedCode>
    <Code>7454C</Code>
    <Description>7454C</Description>
  </UserDefinedCode>
  <UserDefinedCode>
    <Code>7477C</Code>
    <Description>7477C</Description>
  </UserDefinedCode>
  <UserDefinedCode>
    <Code>7501U</Code>
    <Description>7501U</Description>
  </UserDefinedCode>
  <UserDefinedCode>
    <Code>7502U</Code>
    <Description>7502U</Description>
  </UserDefinedCode>
  <UserDefinedCode>
    <Code>7504U</Code>
    <Description>7504U</Description>
  </UserDefinedCode>
  <UserDefinedCode>
    <Code>7533C</Code>
    <Description>7533C</Description>
  </UserDefinedCode>
  <UserDefinedCode>
    <Code>7534U</Code>
    <Description>7534U</Description>
  </UserDefinedCode>
  <UserDefinedCode>
    <Code>7536U</Code>
    <Description>7536U</Description>
  </UserDefinedCode>
  <UserDefinedCode>
    <Code>7559U</Code>
    <Description>7559U</Description>
  </UserDefinedCode>
  <UserDefinedCode>
    <Code>7572U</Code>
    <Description>7572U</Description>
  </UserDefinedCode>
  <UserDefinedCode>
    <Code>7574U</Code>
    <Description>7574U</Description>
  </UserDefinedCode>
  <UserDefinedCode>
    <Code>7577C</Code>
    <Description>7577C</Description>
  </UserDefinedCode>
  <UserDefinedCode>
    <Code>7579C</Code>
    <Description>7579C</Description>
  </UserDefinedCode>
  <UserDefinedCode>
    <Code>7683U</Code>
    <Description>7683U</Description>
  </UserDefinedCode>
  <UserDefinedCode>
    <Code>7703U</Code>
    <Description>7703U</Description>
  </UserDefinedCode>
  <UserDefinedCode>
    <Code>7712U</Code>
    <Description>7712U</Description>
  </UserDefinedCode>
  <UserDefinedCode>
    <Code>7769U</Code>
    <Description>7769U</Description>
  </UserDefinedCode>
  <UserDefinedCode>
    <Code>7771U</Code>
    <Description>7771U</Description>
  </UserDefinedCode>
  <UserDefinedCode>
    <Code>78-1-7U</Code>
    <Description>78-1-7U</Description>
  </UserDefinedCode>
  <UserDefinedCode>
    <Code>82-4-7U</Code>
    <Description>82-4-7U</Description>
  </UserDefinedCode>
  <UserDefinedCode>
    <Code>84-2-6U</Code>
    <Description>84-2-6U</Description>
  </UserDefinedCode>
  <UserDefinedCode>
    <Code>84-3-4C</Code>
    <Description>84-3-4C</Description>
  </UserDefinedCode>
  <UserDefinedCode>
    <Code>84-3-7C</Code>
    <Description>84-3-7C</Description>
  </UserDefinedCode>
  <UserDefinedCode>
    <Code>86-2-5C</Code>
    <Description>86-2-5C</Description>
  </UserDefinedCode>
  <UserDefinedCode>
    <Code>872U</Code>
    <Description>872U</Description>
  </UserDefinedCode>
  <UserDefinedCode>
    <Code>88-2-4C</Code>
    <Description>88-2-4C</Description>
  </UserDefinedCode>
  <UserDefinedCode>
    <Code>93-1-4U</Code>
    <Description>93-1-4U</Description>
  </UserDefinedCode>
  <UserDefinedCode>
    <Code>93-2-5U</Code>
    <Description>93-2-5U</Description>
  </UserDefinedCode>
  <UserDefinedCode>
    <Code>99-3-3U</Code>
    <Description>99-3-3U</Description>
  </UserDefinedCode>
  <UserDefinedCode>
    <Code>BLACKC</Code>
    <Description>BLACKC</Description>
  </UserDefinedCode>
  <UserDefinedCode>
    <Code>P-17-13U</Code>
    <Description>P-17-13U</Description>
  </UserDefinedCode>
  <UserDefinedCode>
    <Code>P112-16U</Code>
    <Description>P112-16U</Description>
  </UserDefinedCode>
  <UserDefinedCode>
    <Code>P114-12C</Code>
    <Description>P114-12C</Description>
  </UserDefinedCode>
  <UserDefinedCode>
    <Code>P119-14U</Code>
    <Description>P119-14U</Description>
  </UserDefinedCode>
  <UserDefinedCode>
    <Code>P119-6U</Code>
    <Description>P119-6U</Description>
  </UserDefinedCode>
  <UserDefinedCode>
    <Code>P12-3U</Code>
    <Description>P12-3U</Description>
  </UserDefinedCode>
  <UserDefinedCode>
    <Code>P122-11C</Code>
    <Description>P122-11C</Description>
  </UserDefinedCode>
  <UserDefinedCode>
    <Code>P126-11C</Code>
    <Description>P126-11C</Description>
  </UserDefinedCode>
  <UserDefinedCode>
    <Code>P128-13C</Code>
    <Description>P128-13C</Description>
  </UserDefinedCode>
  <UserDefinedCode>
    <Code>P132-4C</Code>
    <Description>P132-4C</Description>
  </UserDefinedCode>
  <UserDefinedCode>
    <Code>P14-7C</Code>
    <Description>P14-7C</Description>
  </UserDefinedCode>
  <UserDefinedCode>
    <Code>P145-13C</Code>
    <Description>P145-13C</Description>
  </UserDefinedCode>
  <UserDefinedCode>
    <Code>P147-15U</Code>
    <Description>P 147-15 U</Description>
  </UserDefinedCode>
  <UserDefinedCode>
    <Code>P150-15C</Code>
    <Description>P150-15C</Description>
  </UserDefinedCode>
  <UserDefinedCode>
    <Code>P16-12C</Code>
    <Description>P16-12C</Description>
  </UserDefinedCode>
  <UserDefinedCode>
    <Code>P160-16U</Code>
    <Description>P160-16U</Description>
  </UserDefinedCode>
  <UserDefinedCode>
    <Code>P166-9C</Code>
    <Description>P166-9C</Description>
  </UserDefinedCode>
  <UserDefinedCode>
    <Code>P169-16U</Code>
    <Description>P169-16U</Description>
  </UserDefinedCode>
  <UserDefinedCode>
    <Code>P172-16U</Code>
    <Description>P172-16U</Description>
  </UserDefinedCode>
  <UserDefinedCode>
    <Code>P173-16C</Code>
    <Description>P173-16C</Description>
  </UserDefinedCode>
  <UserDefinedCode>
    <Code>P173-16U</Code>
    <Description>P173-16U</Description>
  </UserDefinedCode>
  <UserDefinedCode>
    <Code>P174-16U</Code>
    <Description>P174-16U</Description>
  </UserDefinedCode>
  <UserDefinedCode>
    <Code>P175-14U</Code>
    <Description>P175-14U</Description>
  </UserDefinedCode>
  <UserDefinedCode>
    <Code>P176-15U</Code>
    <Description>P176-15U</Description>
  </UserDefinedCode>
  <UserDefinedCode>
    <Code>P176-16U</Code>
    <Description>P176-16U</Description>
  </UserDefinedCode>
  <UserDefinedCode>
    <Code>P177-15U</Code>
    <Description>P177-15U</Description>
  </UserDefinedCode>
  <UserDefinedCode>
    <Code>P177-16U</Code>
    <Description>P177-16U</Description>
  </UserDefinedCode>
  <UserDefinedCode>
    <Code>P178-10U</Code>
    <Description>P178-10U</Description>
  </UserDefinedCode>
  <UserDefinedCode>
    <Code>P178-11C</Code>
    <Description>P178-11C</Description>
  </UserDefinedCode>
  <UserDefinedCode>
    <Code>P178-12U</Code>
    <Description>P178-12U</Description>
  </UserDefinedCode>
  <UserDefinedCode>
    <Code>P178-13U</Code>
    <Description>P178-13U</Description>
  </UserDefinedCode>
  <UserDefinedCode>
    <Code>P18-12U</Code>
    <Description>P18-12U</Description>
  </UserDefinedCode>
  <UserDefinedCode>
    <Code>P19-13U</Code>
    <Description>P19-13U</Description>
  </UserDefinedCode>
  <UserDefinedCode>
    <Code>P23-16C</Code>
    <Description>P23-16C</Description>
  </UserDefinedCode>
  <UserDefinedCode>
    <Code>P25-16U</Code>
    <Description>P25-16U</Description>
  </UserDefinedCode>
  <UserDefinedCode>
    <Code>P38-10U</Code>
    <Description>P38-10U</Description>
  </UserDefinedCode>
  <UserDefinedCode>
    <Code>P38-11U</Code>
    <Description>P38-11U</Description>
  </UserDefinedCode>
  <UserDefinedCode>
    <Code>P38-13C</Code>
    <Description>P38-13C</Description>
  </UserDefinedCode>
  <UserDefinedCode>
    <Code>P42-14C</Code>
    <Description>P42-14C</Description>
  </UserDefinedCode>
  <UserDefinedCode>
    <Code>P42-5C</Code>
    <Description>P42-5C</Description>
  </UserDefinedCode>
  <UserDefinedCode>
    <Code>P44-16U</Code>
    <Description>P44-16U</Description>
  </UserDefinedCode>
  <UserDefinedCode>
    <Code>P49-8C</Code>
    <Description>P49-8C</Description>
  </UserDefinedCode>
  <UserDefinedCode>
    <Code>P50-7C</Code>
    <Description>P50-7C</Description>
  </UserDefinedCode>
  <UserDefinedCode>
    <Code>P9-11U</Code>
    <Description>P9-11U</Description>
  </UserDefinedCode>
</UserDefinedCodes>
