<UserDefinedCodes xmlns="http://www.clearsoftware.com.au">
  <UserDefinedCode>
    <Code>230.000000</Code>
    <Description>--- SQUARES ---</Description>
  </UserDefinedCode>
  <UserDefinedCode>
    <Code>230.0010</Code>
    <Description>10x10mm</Description>
  </UserDefinedCode>
  <UserDefinedCode>
    <Code>230.0015</Code>
    <Description>15x15mm</Description>
  </UserDefinedCode>
  <UserDefinedCode>
    <Code>230.0020</Code>
    <Description>20x20mm</Description>
  </UserDefinedCode>
  <UserDefinedCode>
    <Code>230.0023</Code>
    <Description>23x23mm</Description>
  </UserDefinedCode>
  <UserDefinedCode>
    <Code>230.0025</Code>
    <Description>25x25mm</Description>
  </UserDefinedCode>
  <UserDefinedCode>
    <Code>230.0027</Code>
    <Description>27x27mm</Description>
  </UserDefinedCode>
  <UserDefinedCode>
    <Code>230.0031</Code>
    <Description>31x31mm</Description>
  </UserDefinedCode>
  <UserDefinedCode>
    <Code>230.0047</Code>
    <Description>47x47mm</Description>
  </UserDefinedCode>
  <UserDefinedCode>
    <Code>230.0048</Code>
    <Description>48x48mm</Description>
  </UserDefinedCode>
  <UserDefinedCode>
    <Code>230.0050</Code>
    <Description>50x50mm</Description>
  </UserDefinedCode>
  <UserDefinedCode>
    <Code>230.0058</Code>
    <Description>58x58mm</Description>
  </UserDefinedCode>
  <UserDefinedCode>
    <Code>230.0061</Code>
    <Description>61x61mm</Description>
  </UserDefinedCode>
  <UserDefinedCode>
    <Code>230.0097</Code>
    <Description>97x97mm</Description>
  </UserDefinedCode>
  <UserDefinedCode>
    <Code>230.0100</Code>
    <Description>100x100mm</Description>
  </UserDefinedCode>
  <UserDefinedCode>
    <Code>230.0105</Code>
    <Description>105x105mm</Description>
  </UserDefinedCode>
  <UserDefinedCode>
    <Code>230.0150</Code>
    <Description>150x150mm</Description>
  </UserDefinedCode>
  <UserDefinedCode>
    <Code>230.0200</Code>
    <Description>200x200mm</Description>
  </UserDefinedCode>
  <UserDefinedCode>
    <Code>230.0295</Code>
    <Description>295x295mm</Description>
  </UserDefinedCode>
  <UserDefinedCode>
    <Code>230.0300</Code>
    <Description>300x300mm</Description>
  </UserDefinedCode>
  <UserDefinedCode>
    <Code>230.0305</Code>
    <Description>305x305mm</Description>
  </UserDefinedCode>
  <UserDefinedCode>
    <Code>230.0320</Code>
    <Description>320x320mm</Description>
  </UserDefinedCode>
  <UserDefinedCode>
    <Code>230.0330</Code>
    <Description>330x330mm</Description>
  </UserDefinedCode>
  <UserDefinedCode>
    <Code>230.0333</Code>
    <Description>333x333mm</Description>
  </UserDefinedCode>
  <UserDefinedCode>
    <Code>230.0400</Code>
    <Description>400x400mm</Description>
  </UserDefinedCode>
  <UserDefinedCode>
    <Code>230.0425</Code>
    <Description>425x425mm</Description>
  </UserDefinedCode>
  <UserDefinedCode>
    <Code>230.0450</Code>
    <Description>450x450mm</Description>
  </UserDefinedCode>
  <UserDefinedCode>
    <Code>230.0453</Code>
    <Description>453x453mm</Description>
  </UserDefinedCode>
  <UserDefinedCode>
    <Code>230.0456</Code>
    <Description>456x456mm</Description>
  </UserDefinedCode>
  <UserDefinedCode>
    <Code>230.0490</Code>
    <Description>490x490mm</Description>
  </UserDefinedCode>
  <UserDefinedCode>
    <Code>230.0500</Code>
    <Description>500x500mm</Description>
  </UserDefinedCode>
  <UserDefinedCode>
    <Code>230.0600</Code>
    <Description>600x600mm</Description>
  </UserDefinedCode>
  <UserDefinedCode>
    <Code>230.0800</Code>
    <Description>800x800mm</Description>
  </UserDefinedCode>
  <UserDefinedCode>
    <Code>230.1200</Code>
    <Description>1200x1200mm</Description>
  </UserDefinedCode>
  <UserDefinedCode>
    <Code>250.0000</Code>
    <Description>--- RECTANGLES ---</Description>
  </UserDefinedCode>
  <UserDefinedCode>
    <Code>250.015032</Code>
    <Description>15x32mm</Description>
  </UserDefinedCode>
  <UserDefinedCode>
    <Code>250.015048</Code>
    <Description>15x48mm</Description>
  </UserDefinedCode>
  <UserDefinedCode>
    <Code>250.015050</Code>
    <Description>15x50mm</Description>
  </UserDefinedCode>
  <UserDefinedCode>
    <Code>250.015098</Code>
    <Description>15x98mm</Description>
  </UserDefinedCode>
  <UserDefinedCode>
    <Code>250.015100</Code>
    <Description>15x100mm</Description>
  </UserDefinedCode>
  <UserDefinedCode>
    <Code>250.015145</Code>
    <Description>15x145mm</Description>
  </UserDefinedCode>
  <UserDefinedCode>
    <Code>250.015150</Code>
    <Description>15x150mm</Description>
  </UserDefinedCode>
  <UserDefinedCode>
    <Code>250.015151</Code>
    <Description>15x151mm</Description>
  </UserDefinedCode>
  <UserDefinedCode>
    <Code>250.020040</Code>
    <Description>20x40mm</Description>
  </UserDefinedCode>
  <UserDefinedCode>
    <Code>250.020750</Code>
    <Description>20x750mm</Description>
  </UserDefinedCode>
  <UserDefinedCode>
    <Code>250.021078</Code>
    <Description>21.9x78mm</Description>
  </UserDefinedCode>
  <UserDefinedCode>
    <Code>250.023048</Code>
    <Description>23x48mm</Description>
  </UserDefinedCode>
  <UserDefinedCode>
    <Code>250.023073</Code>
    <Description>23x73mm</Description>
  </UserDefinedCode>
  <UserDefinedCode>
    <Code>250.023098</Code>
    <Description>23x98mm</Description>
  </UserDefinedCode>
  <UserDefinedCode>
    <Code>250.023148</Code>
    <Description>23x148mm</Description>
  </UserDefinedCode>
  <UserDefinedCode>
    <Code>250.024048</Code>
    <Description>24x48mm</Description>
  </UserDefinedCode>
  <UserDefinedCode>
    <Code>250.025100</Code>
    <Description>25x100mm</Description>
  </UserDefinedCode>
  <UserDefinedCode>
    <Code>250.028085</Code>
    <Description>28x85mm</Description>
  </UserDefinedCode>
  <UserDefinedCode>
    <Code>250.045095</Code>
    <Description>45x95mm</Description>
  </UserDefinedCode>
  <UserDefinedCode>
    <Code>250.048148</Code>
    <Description>48x148mm</Description>
  </UserDefinedCode>
  <UserDefinedCode>
    <Code>250.050151</Code>
    <Description>50x151mm</Description>
  </UserDefinedCode>
  <UserDefinedCode>
    <Code>250.060230</Code>
    <Description>60x230mm</Description>
  </UserDefinedCode>
  <UserDefinedCode>
    <Code>250.075150</Code>
    <Description>75x150mm</Description>
  </UserDefinedCode>
  <UserDefinedCode>
    <Code>250.075300</Code>
    <Description>75x300mm</Description>
  </UserDefinedCode>
  <UserDefinedCode>
    <Code>250.075600</Code>
    <Description>75x600mm</Description>
  </UserDefinedCode>
  <UserDefinedCode>
    <Code>250.079750</Code>
    <Description>79x750mm</Description>
  </UserDefinedCode>
  <UserDefinedCode>
    <Code>250.100200</Code>
    <Description>100x200mm</Description>
  </UserDefinedCode>
  <UserDefinedCode>
    <Code>250.100300</Code>
    <Description>100x300mm</Description>
  </UserDefinedCode>
  <UserDefinedCode>
    <Code>250.100400</Code>
    <Description>100x400mm</Description>
  </UserDefinedCode>
  <UserDefinedCode>
    <Code>250.120750</Code>
    <Description>120x750mm</Description>
  </UserDefinedCode>
  <UserDefinedCode>
    <Code>250.130800</Code>
    <Description>130x800mm</Description>
  </UserDefinedCode>
  <UserDefinedCode>
    <Code>250.150600</Code>
    <Description>150x600mm</Description>
  </UserDefinedCode>
  <UserDefinedCode>
    <Code>250.150900</Code>
    <Description>150x900mm</Description>
  </UserDefinedCode>
  <UserDefinedCode>
    <Code>250.180905</Code>
    <Description>180x1180mm</Description>
  </UserDefinedCode>
  <UserDefinedCode>
    <Code>250.190380</Code>
    <Description>190x380mm</Description>
  </UserDefinedCode>
  <UserDefinedCode>
    <Code>250.200300</Code>
    <Description>200x300mm</Description>
  </UserDefinedCode>
  <UserDefinedCode>
    <Code>250.200600</Code>
    <Description>200x600mm</Description>
  </UserDefinedCode>
  <UserDefinedCode>
    <Code>250.200800</Code>
    <Description>200x800mm</Description>
  </UserDefinedCode>
  <UserDefinedCode>
    <Code>250.200905</Code>
    <Description>200x1200mm</Description>
  </UserDefinedCode>
  <UserDefinedCode>
    <Code>250.205305</Code>
    <Description>205x305mm</Description>
  </UserDefinedCode>
  <UserDefinedCode>
    <Code>250.250400</Code>
    <Description>250x400mm</Description>
  </UserDefinedCode>
  <UserDefinedCode>
    <Code>250.250750</Code>
    <Description>250x750mm</Description>
  </UserDefinedCode>
  <UserDefinedCode>
    <Code>250.250901</Code>
    <Description>250x1000mm</Description>
  </UserDefinedCode>
  <UserDefinedCode>
    <Code>250.260300</Code>
    <Description>260x300mm</Description>
  </UserDefinedCode>
  <UserDefinedCode>
    <Code>250.280405</Code>
    <Description>280x405mm</Description>
  </UserDefinedCode>
  <UserDefinedCode>
    <Code>250.295595</Code>
    <Description>295x595mm</Description>
  </UserDefinedCode>
  <UserDefinedCode>
    <Code>250.300305</Code>
    <Description>300x305mm</Description>
  </UserDefinedCode>
  <UserDefinedCode>
    <Code>250.300350</Code>
    <Description>300x350mm</Description>
  </UserDefinedCode>
  <UserDefinedCode>
    <Code>250.300360</Code>
    <Description>300x360mm</Description>
  </UserDefinedCode>
  <UserDefinedCode>
    <Code>250.300376</Code>
    <Description>300x376mm</Description>
  </UserDefinedCode>
  <UserDefinedCode>
    <Code>250.300400</Code>
    <Description>300x400mm</Description>
  </UserDefinedCode>
  <UserDefinedCode>
    <Code>250.300600</Code>
    <Description>300x600mm</Description>
  </UserDefinedCode>
  <UserDefinedCode>
    <Code>250.300900</Code>
    <Description>300x900mm</Description>
  </UserDefinedCode>
  <UserDefinedCode>
    <Code>250.300951</Code>
    <Description>300x1200mm</Description>
  </UserDefinedCode>
  <UserDefinedCode>
    <Code>250.320480</Code>
    <Description>320x480mm</Description>
  </UserDefinedCode>
  <UserDefinedCode>
    <Code>250.333500</Code>
    <Description>333x500mm</Description>
  </UserDefinedCode>
  <UserDefinedCode>
    <Code>250.350600</Code>
    <Description>350x600mm</Description>
  </UserDefinedCode>
  <UserDefinedCode>
    <Code>250.400800</Code>
    <Description>400x800mm</Description>
  </UserDefinedCode>
  <UserDefinedCode>
    <Code>250.408614</Code>
    <Description>408x614mm</Description>
  </UserDefinedCode>
  <UserDefinedCode>
    <Code>250.600900</Code>
    <Description>600x900mm</Description>
  </UserDefinedCode>
  <UserDefinedCode>
    <Code>250.600951</Code>
    <Description>600x1200mm</Description>
  </UserDefinedCode>
  <UserDefinedCode>
    <Code>270.0000</Code>
    <Description>--- HEXAGONALS ---</Description>
  </UserDefinedCode>
  <UserDefinedCode>
    <Code>270.022025</Code>
    <Description>22x25mm Hexagon</Description>
  </UserDefinedCode>
  <UserDefinedCode>
    <Code>270.030034</Code>
    <Description>30x34mm Hexagon</Description>
  </UserDefinedCode>
  <UserDefinedCode>
    <Code>270.047060</Code>
    <Description>47x60mm Hexagon</Description>
  </UserDefinedCode>
  <UserDefinedCode>
    <Code>270.051059</Code>
    <Description>51x59mm Hexagon</Description>
  </UserDefinedCode>
  <UserDefinedCode>
    <Code>270.080093</Code>
    <Description>80x93mm Hexagon</Description>
  </UserDefinedCode>
  <UserDefinedCode>
    <Code>270.083096</Code>
    <Description>83x96mm Hexagon</Description>
  </UserDefinedCode>
  <UserDefinedCode>
    <Code>270.175200</Code>
    <Description>175x200mm Hexagon</Description>
  </UserDefinedCode>
  <UserDefinedCode>
    <Code>270.258293</Code>
    <Description>258x293mm Hexagon</Description>
  </UserDefinedCode>
  <UserDefinedCode>
    <Code>270.260300</Code>
    <Description>260x300mm Hexagon</Description>
  </UserDefinedCode>
  <UserDefinedCode>
    <Code>270.520600</Code>
    <Description>520x600mm Hexagon</Description>
  </UserDefinedCode>
  <UserDefinedCode>
    <Code>275.0000</Code>
    <Description>--- DIAMONDS ---</Description>
  </UserDefinedCode>
  <UserDefinedCode>
    <Code>275.045047</Code>
    <Description>45x47mm Diamond</Description>
  </UserDefinedCode>
  <UserDefinedCode>
    <Code>275.085145</Code>
    <Description>85x145mm Diamond</Description>
  </UserDefinedCode>
  <UserDefinedCode>
    <Code>280.0000</Code>
    <Description>--- ROUNDS ---</Description>
  </UserDefinedCode>
  <UserDefinedCode>
    <Code>280.019</Code>
    <Description>19mm Diameter</Description>
  </UserDefinedCode>
  <UserDefinedCode>
    <Code>280.100</Code>
    <Description>100mm Diameter</Description>
  </UserDefinedCode>
  <UserDefinedCode>
    <Code>285.0000</Code>
    <Description>--- OVALS ---</Description>
  </UserDefinedCode>
  <UserDefinedCode>
    <Code>285.026</Code>
    <Description>28mm Oval</Description>
  </UserDefinedCode>
  <UserDefinedCode>
    <Code>290.0000</Code>
    <Description>--- IRREGULAR / RANDOM SHAPES ---</Description>
  </UserDefinedCode>
  <UserDefinedCode>
    <Code>299.0000</Code>
    <Description>--- MIXED SHAPES ---</Description>
  </UserDefinedCode>
  <UserDefinedCode>
    <Code>400.0000</Code>
    <Description>--- VOLUME (LITRE) ITEMS ---</Description>
  </UserDefinedCode>
  <UserDefinedCode>
    <Code>400.000237</Code>
    <Description>0.237 LITRE</Description>
  </UserDefinedCode>
  <UserDefinedCode>
    <Code>400.000473</Code>
    <Description>0.473 LITRE</Description>
  </UserDefinedCode>
  <UserDefinedCode>
    <Code>400.0005</Code>
    <Description>0.5 LITRE</Description>
  </UserDefinedCode>
  <UserDefinedCode>
    <Code>400.000946</Code>
    <Description>0.946 LITRE</Description>
  </UserDefinedCode>
  <UserDefinedCode>
    <Code>400.001</Code>
    <Description>1 LITRE</Description>
  </UserDefinedCode>
  <UserDefinedCode>
    <Code>400.002</Code>
    <Description>2 LITRE</Description>
  </UserDefinedCode>
  <UserDefinedCode>
    <Code>400.003785</Code>
    <Description>3.785 LITRE</Description>
  </UserDefinedCode>
  <UserDefinedCode>
    <Code>400.004</Code>
    <Description>4 LITRE</Description>
  </UserDefinedCode>
  <UserDefinedCode>
    <Code>400.0050</Code>
    <Description>5 LITRE</Description>
  </UserDefinedCode>
  <UserDefinedCode>
    <Code>400.010</Code>
    <Description>10 LITRE</Description>
  </UserDefinedCode>
  <UserDefinedCode>
    <Code>400.015</Code>
    <Description>15 LITRE</Description>
  </UserDefinedCode>
  <UserDefinedCode>
    <Code>400.019</Code>
    <Description>19 LITRE</Description>
  </UserDefinedCode>
  <UserDefinedCode>
    <Code>400.020</Code>
    <Description>20 LITRE</Description>
  </UserDefinedCode>
  <UserDefinedCode>
    <Code>400.050</Code>
    <Description>50 LITRE</Description>
  </UserDefinedCode>
  <UserDefinedCode>
    <Code>400.100</Code>
    <Description>100 LITRE</Description>
  </UserDefinedCode>
  <UserDefinedCode>
    <Code>450.0000</Code>
    <Description>--- WEIGHT (KG) ITEMS ---</Description>
  </UserDefinedCode>
  <UserDefinedCode>
    <Code>450.0015</Code>
    <Description>1.5 KG</Description>
  </UserDefinedCode>
  <UserDefinedCode>
    <Code>450.005</Code>
    <Description>5 KG</Description>
  </UserDefinedCode>
  <UserDefinedCode>
    <Code>450.010</Code>
    <Description>10 KG</Description>
  </UserDefinedCode>
  <UserDefinedCode>
    <Code>450.0125</Code>
    <Description>12.5 KG</Description>
  </UserDefinedCode>
  <UserDefinedCode>
    <Code>450.015</Code>
    <Description>15 KG</Description>
  </UserDefinedCode>
  <UserDefinedCode>
    <Code>450.020</Code>
    <Description>20 KG</Description>
  </UserDefinedCode>
  <UserDefinedCode>
    <Code>450.025</Code>
    <Description>25 KG</Description>
  </UserDefinedCode>
  <UserDefinedCode>
    <Code>500.00000</Code>
    <Description>--- QUANTITY PER PACKAGE ITEMS ---</Description>
  </UserDefinedCode>
  <UserDefinedCode>
    <Code>500.0100</Code>
    <Description>100 PER PACKAGE</Description>
  </UserDefinedCode>
  <UserDefinedCode>
    <Code>500.0150</Code>
    <Description>150 PER PACKAGE</Description>
  </UserDefinedCode>
  <UserDefinedCode>
    <Code>500.0250</Code>
    <Description>250 PER PACKAGE</Description>
  </UserDefinedCode>
  <UserDefinedCode>
    <Code>500.0500</Code>
    <Description>500 PER PACKAGE</Description>
  </UserDefinedCode>
  <UserDefinedCode>
    <Code>500.2000</Code>
    <Description>2000 PER PACKAGE</Description>
  </UserDefinedCode>
</UserDefinedCodes>
