<UserDefinedCodes xmlns="http://www.clearsoftware.com.au">
  <UserDefinedCode>
    <Code>001.2MM</Code>
    <Description>1.2mm</Description>
  </UserDefinedCode>
  <UserDefinedCode>
    <Code>001.5MM</Code>
    <Description>1.5mm</Description>
  </UserDefinedCode>
  <UserDefinedCode>
    <Code>003MM</Code>
    <Description>3mm</Description>
  </UserDefinedCode>
  <UserDefinedCode>
    <Code>004MM</Code>
    <Description>4mm</Description>
  </UserDefinedCode>
  <UserDefinedCode>
    <Code>005MM</Code>
    <Description>5mm</Description>
  </UserDefinedCode>
  <UserDefinedCode>
    <Code>006MM</Code>
    <Description>6mm</Description>
  </UserDefinedCode>
  <UserDefinedCode>
    <Code>007MM</Code>
    <Description>7mm</Description>
  </UserDefinedCode>
  <UserDefinedCode>
    <Code>008MM</Code>
    <Description>8mm</Description>
  </UserDefinedCode>
  <UserDefinedCode>
    <Code>009MM</Code>
    <Description>9mm</Description>
  </UserDefinedCode>
  <UserDefinedCode>
    <Code>010MM</Code>
    <Description>10mm</Description>
  </UserDefinedCode>
  <UserDefinedCode>
    <Code>011MM</Code>
    <Description>11mm</Description>
  </UserDefinedCode>
  <UserDefinedCode>
    <Code>012MM</Code>
    <Description>12mm</Description>
  </UserDefinedCode>
  <UserDefinedCode>
    <Code>014MM</Code>
    <Description>14mm</Description>
  </UserDefinedCode>
  <UserDefinedCode>
    <Code>015MM</Code>
    <Description>15mm</Description>
  </UserDefinedCode>
  <UserDefinedCode>
    <Code>016MM</Code>
    <Description>16mm</Description>
  </UserDefinedCode>
  <UserDefinedCode>
    <Code>018MM</Code>
    <Description>18mm</Description>
  </UserDefinedCode>
  <UserDefinedCode>
    <Code>020MM</Code>
    <Description>20mm</Description>
  </UserDefinedCode>
  <UserDefinedCode>
    <Code>025MM</Code>
    <Description>25mm</Description>
  </UserDefinedCode>
  <UserDefinedCode>
    <Code>030MM</Code>
    <Description>30mm</Description>
  </UserDefinedCode>
  <UserDefinedCode>
    <Code>035MM</Code>
    <Description>35mm</Description>
  </UserDefinedCode>
  <UserDefinedCode>
    <Code>040MM</Code>
    <Description>40mm</Description>
  </UserDefinedCode>
  <UserDefinedCode>
    <Code>050MM</Code>
    <Description>50mm</Description>
  </UserDefinedCode>
  <UserDefinedCode>
    <Code>120MM</Code>
    <Description>120mm</Description>
  </UserDefinedCode>
  <UserDefinedCode>
    <Code>150MM</Code>
    <Description>150mm</Description>
  </UserDefinedCode>
  <UserDefinedCode>
    <Code>VARIA07-11</Code>
    <Description>VARIABLE 7-11mm approx.</Description>
  </UserDefinedCode>
  <UserDefinedCode>
    <Code>VARIA08-15</Code>
    <Description>VARIABLE 8-15mm approx.</Description>
  </UserDefinedCode>
</UserDefinedCodes>
