<UserDefinedCodes xmlns="http://www.clearsoftware.com.au">
  <UserDefinedCode>
    <Code>ARGENTINA</Code>
    <Description>ARGENTINA</Description>
  </UserDefinedCode>
  <UserDefinedCode>
    <Code>AUSTRALIA</Code>
    <Description>AUSTRALIA</Description>
  </UserDefinedCode>
  <UserDefinedCode>
    <Code>BRAZIL</Code>
    <Description>BRAZIL</Description>
  </UserDefinedCode>
  <UserDefinedCode>
    <Code>BULGARIA</Code>
    <Description>BULGARIA</Description>
  </UserDefinedCode>
  <UserDefinedCode>
    <Code>CANADA</Code>
    <Description>CANADA</Description>
  </UserDefinedCode>
  <UserDefinedCode>
    <Code>CHINA</Code>
    <Description>CHINA</Description>
  </UserDefinedCode>
  <UserDefinedCode>
    <Code>INDIA</Code>
    <Description>INDIA</Description>
  </UserDefinedCode>
  <UserDefinedCode>
    <Code>INDONESIA</Code>
    <Description>INDONESIA</Description>
  </UserDefinedCode>
  <UserDefinedCode>
    <Code>IRAN</Code>
    <Description>IRAN</Description>
  </UserDefinedCode>
  <UserDefinedCode>
    <Code>ITALY</Code>
    <Description>ITALY</Description>
  </UserDefinedCode>
  <UserDefinedCode>
    <Code>JAPAN</Code>
    <Description>JAPAN</Description>
  </UserDefinedCode>
  <UserDefinedCode>
    <Code>KOREA</Code>
    <Description>REPUBLIC OF KOREA</Description>
  </UserDefinedCode>
  <UserDefinedCode>
    <Code>MALAYSIA</Code>
    <Description>MALAYSIA</Description>
  </UserDefinedCode>
  <UserDefinedCode>
    <Code>PHILIPPINE</Code>
    <Description>PHILIPPINES</Description>
  </UserDefinedCode>
  <UserDefinedCode>
    <Code>PORTUGAL</Code>
    <Description>PORTUGAL</Description>
  </UserDefinedCode>
  <UserDefinedCode>
    <Code>SPAIN</Code>
    <Description>SPAIN</Description>
  </UserDefinedCode>
  <UserDefinedCode>
    <Code>SRILANKA</Code>
    <Description>SRI LANKA</Description>
  </UserDefinedCode>
  <UserDefinedCode>
    <Code>TAIWAN</Code>
    <Description>TAIWAN</Description>
  </UserDefinedCode>
  <UserDefinedCode>
    <Code>THAILAND</Code>
    <Description>THAILAND</Description>
  </UserDefinedCode>
  <UserDefinedCode>
    <Code>TURKEY</Code>
    <Description>TURKEY</Description>
  </UserDefinedCode>
  <UserDefinedCode>
    <Code>UK</Code>
    <Description>UNITED KINGDOM</Description>
  </UserDefinedCode>
  <UserDefinedCode>
    <Code>USA</Code>
    <Description>USA</Description>
  </UserDefinedCode>
  <UserDefinedCode>
    <Code>VIETNAM</Code>
    <Description>VIETNAM</Description>
  </UserDefinedCode>
</UserDefinedCodes>
