<UserDefinedCodes xmlns="http://www.clearsoftware.com.au">
  <UserDefinedCode>
    <Code>BEVELLED</Code>
    <Description>BEVELLED EDGE</Description>
  </UserDefinedCode>
  <UserDefinedCode>
    <Code>CUSHION</Code>
    <Description>CUSHIONED (PRESSED) EDGE</Description>
  </UserDefinedCode>
  <UserDefinedCode>
    <Code>HANDCUT</Code>
    <Description>HANDCUT EDGE (STONE)</Description>
  </UserDefinedCode>
  <UserDefinedCode>
    <Code>IRREGULAR</Code>
    <Description>IRREGULAR EDGE</Description>
  </UserDefinedCode>
  <UserDefinedCode>
    <Code>RECTIFIED</Code>
    <Description>RECTIFIED EDGE</Description>
  </UserDefinedCode>
  <UserDefinedCode>
    <Code>SAWN</Code>
    <Description>SAWN EDGE (STONE)</Description>
  </UserDefinedCode>
</UserDefinedCodes>
