<UserDefinedCodes xmlns="http://www.clearsoftware.com.au">
  <UserDefinedCode>
    <Code>30X10</Code>
    <Description>30X10CM SERIES</Description>
  </UserDefinedCode>
  <UserDefinedCode>
    <Code>3D-CUBE</Code>
    <Description>3D-CUBE</Description>
  </UserDefinedCode>
  <UserDefinedCode>
    <Code>60X15</Code>
    <Description>60X15CM SERIES</Description>
  </UserDefinedCode>
  <UserDefinedCode>
    <Code>60X30</Code>
    <Description>60X30CM SERIES</Description>
  </UserDefinedCode>
  <UserDefinedCode>
    <Code>ABSTRACT</Code>
    <Description>ABSTRACT</Description>
  </UserDefinedCode>
  <UserDefinedCode>
    <Code>AESTHETICS</Code>
    <Description>AESTHETICS</Description>
  </UserDefinedCode>
  <UserDefinedCode>
    <Code>AGUA</Code>
    <Description>AGUA</Description>
  </UserDefinedCode>
  <UserDefinedCode>
    <Code>ALMOND</Code>
    <Description>ALMOND</Description>
  </UserDefinedCode>
  <UserDefinedCode>
    <Code>AMMOLITE</Code>
    <Description>AMMOLITE</Description>
  </UserDefinedCode>
  <UserDefinedCode>
    <Code>ANDES</Code>
    <Description>ANDES</Description>
  </UserDefinedCode>
  <UserDefinedCode>
    <Code>ANTICA</Code>
    <Description>ANTICA</Description>
  </UserDefinedCode>
  <UserDefinedCode>
    <Code>ANTIQUITY</Code>
    <Description>ANTIQUITY SERIES</Description>
  </UserDefinedCode>
  <UserDefinedCode>
    <Code>AQUARIAN</Code>
    <Description>AQUARIAN</Description>
  </UserDefinedCode>
  <UserDefinedCode>
    <Code>ARABESQUE</Code>
    <Description>ARABESQUE</Description>
  </UserDefinedCode>
  <UserDefinedCode>
    <Code>ARCADIAN</Code>
    <Description>ARDADIAN</Description>
  </UserDefinedCode>
  <UserDefinedCode>
    <Code>AUGUSTA</Code>
    <Description>AUGUSTA SERIES</Description>
  </UserDefinedCode>
  <UserDefinedCode>
    <Code>AZTEC</Code>
    <Description>AZTEC</Description>
  </UserDefinedCode>
  <UserDefinedCode>
    <Code>BASKET-NEO</Code>
    <Description>BASKET WEAVE NEO</Description>
  </UserDefinedCode>
  <UserDefinedCode>
    <Code>BAY</Code>
    <Description>BAY</Description>
  </UserDefinedCode>
  <UserDefinedCode>
    <Code>BIOTITE</Code>
    <Description>BIOTITE</Description>
  </UserDefinedCode>
  <UserDefinedCode>
    <Code>BIRKSHIRE</Code>
    <Description>BIRKSHIRE</Description>
  </UserDefinedCode>
  <UserDefinedCode>
    <Code>BLUEHEX</Code>
    <Description>BLUESTONE HEXAGON</Description>
  </UserDefinedCode>
  <UserDefinedCode>
    <Code>BLUESTONE</Code>
    <Description>BLUESTONE SERIES</Description>
  </UserDefinedCode>
  <UserDefinedCode>
    <Code>BRIGHT</Code>
    <Description>BRIGHT SERIES</Description>
  </UserDefinedCode>
  <UserDefinedCode>
    <Code>BRIGHTON</Code>
    <Description>BRIGHTON SERIES</Description>
  </UserDefinedCode>
  <UserDefinedCode>
    <Code>BRITTANIA</Code>
    <Description>BRITTANIA SERIES</Description>
  </UserDefinedCode>
  <UserDefinedCode>
    <Code>BROOKLYN</Code>
    <Description>BROOKLYN SERIES</Description>
  </UserDefinedCode>
  <UserDefinedCode>
    <Code>BYRON</Code>
    <Description>BYRON SERIES</Description>
  </UserDefinedCode>
  <UserDefinedCode>
    <Code>CALIFORNIA</Code>
    <Description>CALIFORNIA</Description>
  </UserDefinedCode>
  <UserDefinedCode>
    <Code>CARRARAHEX</Code>
    <Description>CARRARA HEXAGON</Description>
  </UserDefinedCode>
  <UserDefinedCode>
    <Code>CHEVRON</Code>
    <Description>CHEVRON</Description>
  </UserDefinedCode>
  <UserDefinedCode>
    <Code>CHICAGO</Code>
    <Description>CHICAGO</Description>
  </UserDefinedCode>
  <UserDefinedCode>
    <Code>CITY</Code>
    <Description>CITY SUBWAY</Description>
  </UserDefinedCode>
  <UserDefinedCode>
    <Code>CLADDING</Code>
    <Description>CLADDING SERIES</Description>
  </UserDefinedCode>
  <UserDefinedCode>
    <Code>CLASSICO</Code>
    <Description>CLASSICO</Description>
  </UserDefinedCode>
  <UserDefinedCode>
    <Code>COLLINGW</Code>
    <Description>COLLINGWOOD</Description>
  </UserDefinedCode>
  <UserDefinedCode>
    <Code>COMFLOOR</Code>
    <Description>COMFLOOR</Description>
  </UserDefinedCode>
  <UserDefinedCode>
    <Code>CONCENTRIC</Code>
    <Description>CONCENTRIC</Description>
  </UserDefinedCode>
  <UserDefinedCode>
    <Code>CONCRETION</Code>
    <Description>CONCRETION SERIES</Description>
  </UserDefinedCode>
  <UserDefinedCode>
    <Code>CRISTAL</Code>
    <Description>CRISTAL</Description>
  </UserDefinedCode>
  <UserDefinedCode>
    <Code>CROCHET</Code>
    <Description>CROCHET</Description>
  </UserDefinedCode>
  <UserDefinedCode>
    <Code>CRYSTAL</Code>
    <Description>CRYSTAL</Description>
  </UserDefinedCode>
  <UserDefinedCode>
    <Code>DAMASK</Code>
    <Description>DAMASK</Description>
  </UserDefinedCode>
  <UserDefinedCode>
    <Code>DECKWOOD</Code>
    <Description>DECKWOOD</Description>
  </UserDefinedCode>
  <UserDefinedCode>
    <Code>DECOEUR</Code>
    <Description>DECOEUR</Description>
  </UserDefinedCode>
  <UserDefinedCode>
    <Code>DESIGNER</Code>
    <Description>DESIGNER</Description>
  </UserDefinedCode>
  <UserDefinedCode>
    <Code>EARTHSTONE</Code>
    <Description>EARTHSTONE SERIES</Description>
  </UserDefinedCode>
  <UserDefinedCode>
    <Code>EGG-SHAPED</Code>
    <Description>EGG-SHAPED</Description>
  </UserDefinedCode>
  <UserDefinedCode>
    <Code>ELEGANT</Code>
    <Description>ELEGANT MARBLE SERIES</Description>
  </UserDefinedCode>
  <UserDefinedCode>
    <Code>FABRIX</Code>
    <Description>FABRIX</Description>
  </UserDefinedCode>
  <UserDefinedCode>
    <Code>FELDSPAR</Code>
    <Description>FELDSPAR</Description>
  </UserDefinedCode>
  <UserDefinedCode>
    <Code>FERRO</Code>
    <Description>FERRO SERIES</Description>
  </UserDefinedCode>
  <UserDefinedCode>
    <Code>FEZ</Code>
    <Description>FEZ</Description>
  </UserDefinedCode>
  <UserDefinedCode>
    <Code>FLAMENCO</Code>
    <Description>FLAMENCO</Description>
  </UserDefinedCode>
  <UserDefinedCode>
    <Code>FLEURS</Code>
    <Description>FLEURS</Description>
  </UserDefinedCode>
  <UserDefinedCode>
    <Code>FORESTGLEN</Code>
    <Description>FORESTGLEN SERIES</Description>
  </UserDefinedCode>
  <UserDefinedCode>
    <Code>GRANADA</Code>
    <Description>GRANADA</Description>
  </UserDefinedCode>
  <UserDefinedCode>
    <Code>HERRINGBON</Code>
    <Description>HERRINGBONE</Description>
  </UserDefinedCode>
  <UserDefinedCode>
    <Code>HEXAGON</Code>
    <Description>HEXAGON SERIES</Description>
  </UserDefinedCode>
  <UserDefinedCode>
    <Code>HEXAGONAL</Code>
    <Description>HEXAGONAL</Description>
  </UserDefinedCode>
  <UserDefinedCode>
    <Code>HIMALAYAN</Code>
    <Description>HIMALAYAN STONE</Description>
  </UserDefinedCode>
  <UserDefinedCode>
    <Code>HOLLYWOOD</Code>
    <Description>HOLLYWOOD</Description>
  </UserDefinedCode>
  <UserDefinedCode>
    <Code>HONEYCOMBE</Code>
    <Description>HONEYCOMBE</Description>
  </UserDefinedCode>
  <UserDefinedCode>
    <Code>HORIZON</Code>
    <Description>HORIZON</Description>
  </UserDefinedCode>
  <UserDefinedCode>
    <Code>HOROSCOPE</Code>
    <Description>HOROSCOPE</Description>
  </UserDefinedCode>
  <UserDefinedCode>
    <Code>INTEGRA</Code>
    <Description>INTEGRA</Description>
  </UserDefinedCode>
  <UserDefinedCode>
    <Code>ISKANDAR</Code>
    <Description>ISKANDAR</Description>
  </UserDefinedCode>
  <UserDefinedCode>
    <Code>KSAR</Code>
    <Description>KSAR</Description>
  </UserDefinedCode>
  <UserDefinedCode>
    <Code>LIMESTONE</Code>
    <Description>LIMESTONE SERIES</Description>
  </UserDefinedCode>
  <UserDefinedCode>
    <Code>LINEA</Code>
    <Description>LINEA</Description>
  </UserDefinedCode>
  <UserDefinedCode>
    <Code>MACHINED</Code>
    <Description>MACHINED SERIES</Description>
  </UserDefinedCode>
  <UserDefinedCode>
    <Code>MARBLE CLA</Code>
    <Description>MARBLE CLADDING</Description>
  </UserDefinedCode>
  <UserDefinedCode>
    <Code>MARFIL</Code>
    <Description>MARFIL SERIES</Description>
  </UserDefinedCode>
  <UserDefinedCode>
    <Code>MARRAKESH</Code>
    <Description>MARRAKESH</Description>
  </UserDefinedCode>
  <UserDefinedCode>
    <Code>MAYKING</Code>
    <Description>MAYKING</Description>
  </UserDefinedCode>
  <UserDefinedCode>
    <Code>METAIL</Code>
    <Description>METAIL</Description>
  </UserDefinedCode>
  <UserDefinedCode>
    <Code>METALMOS</Code>
    <Description>METAL MOSAICS</Description>
  </UserDefinedCode>
  <UserDefinedCode>
    <Code>METROPOLIS</Code>
    <Description>METROPOLIS</Description>
  </UserDefinedCode>
  <UserDefinedCode>
    <Code>MING</Code>
    <Description>MING</Description>
  </UserDefinedCode>
  <UserDefinedCode>
    <Code>MIRAGE</Code>
    <Description>MIRAGE</Description>
  </UserDefinedCode>
  <UserDefinedCode>
    <Code>MIRRORBALL</Code>
    <Description>MIRRORBALL</Description>
  </UserDefinedCode>
  <UserDefinedCode>
    <Code>MONTEGO</Code>
    <Description>MONTEGO</Description>
  </UserDefinedCode>
  <UserDefinedCode>
    <Code>MONTREAL</Code>
    <Description>MONTREAL</Description>
  </UserDefinedCode>
  <UserDefinedCode>
    <Code>NEWMARKET</Code>
    <Description>NEWMARKET</Description>
  </UserDefinedCode>
  <UserDefinedCode>
    <Code>OCEANIC</Code>
    <Description>OCEANIC</Description>
  </UserDefinedCode>
  <UserDefinedCode>
    <Code>OLDAGEMIRR</Code>
    <Description>OLD AGE MIRROR</Description>
  </UserDefinedCode>
  <UserDefinedCode>
    <Code>OSAKA</Code>
    <Description>OSAKA PORCELAIN</Description>
  </UserDefinedCode>
  <UserDefinedCode>
    <Code>PALETTE</Code>
    <Description>PALETTE</Description>
  </UserDefinedCode>
  <UserDefinedCode>
    <Code>PARDESI</Code>
    <Description>PARDESI</Description>
  </UserDefinedCode>
  <UserDefinedCode>
    <Code>PATCHWORK</Code>
    <Description>PATCHWORK</Description>
  </UserDefinedCode>
  <UserDefinedCode>
    <Code>PEARL</Code>
    <Description>PEARL</Description>
  </UserDefinedCode>
  <UserDefinedCode>
    <Code>PENNY</Code>
    <Description>PENNY ROUND SERIES</Description>
  </UserDefinedCode>
  <UserDefinedCode>
    <Code>PLATEAU</Code>
    <Description>PLATEAU</Description>
  </UserDefinedCode>
  <UserDefinedCode>
    <Code>PLATINUM</Code>
    <Description>PLATINUM</Description>
  </UserDefinedCode>
  <UserDefinedCode>
    <Code>PRADESH</Code>
    <Description>PRADESH</Description>
  </UserDefinedCode>
  <UserDefinedCode>
    <Code>PRIMADONNA</Code>
    <Description>PRIMA DONNA</Description>
  </UserDefinedCode>
  <UserDefinedCode>
    <Code>PRINCESS</Code>
    <Description>PRINCESS</Description>
  </UserDefinedCode>
  <UserDefinedCode>
    <Code>QUARTZSTON</Code>
    <Description>QUARTZ STONE</Description>
  </UserDefinedCode>
  <UserDefinedCode>
    <Code>RAILWAY</Code>
    <Description>RAILWAY</Description>
  </UserDefinedCode>
  <UserDefinedCode>
    <Code>RAKU</Code>
    <Description>RAKU</Description>
  </UserDefinedCode>
  <UserDefinedCode>
    <Code>RAWSTONE</Code>
    <Description>RAWSTONE</Description>
  </UserDefinedCode>
  <UserDefinedCode>
    <Code>REGENT</Code>
    <Description>REGENT</Description>
  </UserDefinedCode>
  <UserDefinedCode>
    <Code>ROMAN</Code>
    <Description>ROMAN</Description>
  </UserDefinedCode>
  <UserDefinedCode>
    <Code>SCONCE</Code>
    <Description>SCONCE</Description>
  </UserDefinedCode>
  <UserDefinedCode>
    <Code>SCOPE</Code>
    <Description>SCOPE</Description>
  </UserDefinedCode>
  <UserDefinedCode>
    <Code>SMASH</Code>
    <Description>SMASH</Description>
  </UserDefinedCode>
  <UserDefinedCode>
    <Code>SONATA</Code>
    <Description>SONATA</Description>
  </UserDefinedCode>
  <UserDefinedCode>
    <Code>SPECTRUM</Code>
    <Description>SPECTRUM SERIES</Description>
  </UserDefinedCode>
  <UserDefinedCode>
    <Code>STORY</Code>
    <Description>STORY</Description>
  </UserDefinedCode>
  <UserDefinedCode>
    <Code>SUBWAY</Code>
    <Description>SUBWAY SERIES</Description>
  </UserDefinedCode>
  <UserDefinedCode>
    <Code>SURF</Code>
    <Description>SURF SERIES</Description>
  </UserDefinedCode>
  <UserDefinedCode>
    <Code>SURFER</Code>
    <Description>SURFER</Description>
  </UserDefinedCode>
  <UserDefinedCode>
    <Code>TAPESTRY</Code>
    <Description>TAPESTRY</Description>
  </UserDefinedCode>
  <UserDefinedCode>
    <Code>TARA</Code>
    <Description>TARA</Description>
  </UserDefinedCode>
  <UserDefinedCode>
    <Code>TECHNICRYS</Code>
    <Description>TECHNICRYSTAL SERIES</Description>
  </UserDefinedCode>
  <UserDefinedCode>
    <Code>TERRA1</Code>
    <Description>TERRA UNE SERIES</Description>
  </UserDefinedCode>
  <UserDefinedCode>
    <Code>TIDAL</Code>
    <Description>TIDAL</Description>
  </UserDefinedCode>
  <UserDefinedCode>
    <Code>TIJARA</Code>
    <Description>TIJARA MULTICOLOUR</Description>
  </UserDefinedCode>
  <UserDefinedCode>
    <Code>TIMBERMAX</Code>
    <Description>TIMBERMAX</Description>
  </UserDefinedCode>
  <UserDefinedCode>
    <Code>TRAVERTINE</Code>
    <Description>TRAVERTINE SERIES</Description>
  </UserDefinedCode>
  <UserDefinedCode>
    <Code>TRIBAL</Code>
    <Description>TRIBAL</Description>
  </UserDefinedCode>
  <UserDefinedCode>
    <Code>TRILATERAL</Code>
    <Description>TRILATERAL</Description>
  </UserDefinedCode>
  <UserDefinedCode>
    <Code>TURBULENT</Code>
    <Description>TURBULENT</Description>
  </UserDefinedCode>
  <UserDefinedCode>
    <Code>TUSCANO</Code>
    <Description>TUSCANO</Description>
  </UserDefinedCode>
  <UserDefinedCode>
    <Code>VALENCIA</Code>
    <Description>VALENCIA</Description>
  </UserDefinedCode>
  <UserDefinedCode>
    <Code>VAPOROUS</Code>
    <Description>VAPOROUS</Description>
  </UserDefinedCode>
  <UserDefinedCode>
    <Code>VERSAFLOOR</Code>
    <Description>VERSAFLOOR SERIES</Description>
  </UserDefinedCode>
  <UserDefinedCode>
    <Code>VESUVIUS</Code>
    <Description>VESUVIUS SERIES</Description>
  </UserDefinedCode>
  <UserDefinedCode>
    <Code>VISION</Code>
    <Description>VISION</Description>
  </UserDefinedCode>
  <UserDefinedCode>
    <Code>VIT-ARKITE</Code>
    <Description>COMMERCIAL PORCELAIN -- VITRA ARKITECT</Description>
  </UserDefinedCode>
  <UserDefinedCode>
    <Code>VITAL</Code>
    <Description>VITAL SERIES</Description>
  </UserDefinedCode>
  <UserDefinedCode>
    <Code>WESTWOOD</Code>
    <Description>WESTWOOD</Description>
  </UserDefinedCode>
  <UserDefinedCode>
    <Code>WHITES</Code>
    <Description>WHITES</Description>
  </UserDefinedCode>
  <UserDefinedCode>
    <Code>ZAZZLE</Code>
    <Description>ZAZZLE</Description>
  </UserDefinedCode>
  <UserDefinedCode>
    <Code>ZEN</Code>
    <Description>ZEN</Description>
  </UserDefinedCode>
</UserDefinedCodes>
