<UserDefinedCodes xmlns="http://www.clearsoftware.com.au">
  <UserDefinedCode>
    <Code>ADHESIVE</Code>
    <Description>TILE ADHESIVE</Description>
  </UserDefinedCode>
  <UserDefinedCode>
    <Code>ARTDECO</Code>
    <Description>ART DECO</Description>
  </UserDefinedCode>
  <UserDefinedCode>
    <Code>CERAMIC</Code>
    <Description>CERAMIC &amp; PORCELAIN MOSAICS</Description>
  </UserDefinedCode>
  <UserDefinedCode>
    <Code>ENCAUSTIC</Code>
    <Description>ENCAUSTIC TILES</Description>
  </UserDefinedCode>
  <UserDefinedCode>
    <Code>GLASS</Code>
    <Description>GLASS MOSAICS</Description>
  </UserDefinedCode>
  <UserDefinedCode>
    <Code>GROUT</Code>
    <Description>TILE GROUT</Description>
  </UserDefinedCode>
  <UserDefinedCode>
    <Code>HEXAGON</Code>
    <Description>HEXAGONAL</Description>
  </UserDefinedCode>
  <UserDefinedCode>
    <Code>HIMALAYANS</Code>
    <Description>HIMALAYAN SANDSTONE</Description>
  </UserDefinedCode>
  <UserDefinedCode>
    <Code>LISTELLOS</Code>
    <Description>LISTELLOS</Description>
  </UserDefinedCode>
  <UserDefinedCode>
    <Code>MARBLESTYL</Code>
    <Description>MARBLE</Description>
  </UserDefinedCode>
  <UserDefinedCode>
    <Code>METALLIC</Code>
    <Description>METALLIC LOOK</Description>
  </UserDefinedCode>
  <UserDefinedCode>
    <Code>MOSAIC</Code>
    <Description>MOSAIC SHEETS</Description>
  </UserDefinedCode>
  <UserDefinedCode>
    <Code>OCTAGONAL</Code>
    <Description>OCTAGONAL MOSAICS</Description>
  </UserDefinedCode>
  <UserDefinedCode>
    <Code>PEBBLES</Code>
    <Description>PEBBLE SHEETS</Description>
  </UserDefinedCode>
  <UserDefinedCode>
    <Code>PENNYROUND</Code>
    <Description>PENNY ROUND MOSAICS</Description>
  </UserDefinedCode>
  <UserDefinedCode>
    <Code>SEALER</Code>
    <Description>TILE SEALER</Description>
  </UserDefinedCode>
  <UserDefinedCode>
    <Code>SPANISHMIS</Code>
    <Description>SPANISH MISSION</Description>
  </UserDefinedCode>
  <UserDefinedCode>
    <Code>SUBWAY</Code>
    <Description>SUBWAY TILES</Description>
  </UserDefinedCode>
  <UserDefinedCode>
    <Code>TALAVERA</Code>
    <Description>TALAVERA HANDMADE MEXICAN TILES</Description>
  </UserDefinedCode>
  <UserDefinedCode>
    <Code>TIMBER</Code>
    <Description>TIMBER LOOK</Description>
  </UserDefinedCode>
  <UserDefinedCode>
    <Code>TRAVERTINE</Code>
    <Description>TRAVERTINE LOOK</Description>
  </UserDefinedCode>
</UserDefinedCodes>
