<UserDefinedCodes xmlns="http://www.clearsoftware.com.au">
  <UserDefinedCode>
    <Code>ACCESSORIE</Code>
    <Description>ACCESSORIES &amp; BATHROOM FITTINGS</Description>
  </UserDefinedCode>
  <UserDefinedCode>
    <Code>DECORATIVE</Code>
    <Description>DECORATIVE TILES</Description>
  </UserDefinedCode>
  <UserDefinedCode>
    <Code>FLOOR</Code>
    <Description>FLOOR TILES</Description>
  </UserDefinedCode>
  <UserDefinedCode>
    <Code>GRANITE</Code>
    <Description>GRANITE</Description>
  </UserDefinedCode>
  <UserDefinedCode>
    <Code>INSTALLATI</Code>
    <Description>TILE INSTALLATION MATERIALS</Description>
  </UserDefinedCode>
  <UserDefinedCode>
    <Code>MARBLE</Code>
    <Description>MARBLE</Description>
  </UserDefinedCode>
  <UserDefinedCode>
    <Code>MOSAIC</Code>
    <Description>MOSAIC TILES</Description>
  </UserDefinedCode>
  <UserDefinedCode>
    <Code>POOL</Code>
    <Description>POOL TILES</Description>
  </UserDefinedCode>
  <UserDefinedCode>
    <Code>SLATE</Code>
    <Description>SLATE</Description>
  </UserDefinedCode>
  <UserDefinedCode>
    <Code>SPECIALS</Code>
    <Description>JOB LOT &amp; PALLET LOT SPECIALS</Description>
  </UserDefinedCode>
  <UserDefinedCode>
    <Code>STONE</Code>
    <Description>NATURAL STONE</Description>
  </UserDefinedCode>
  <UserDefinedCode>
    <Code>SUBWAY</Code>
    <Description>SUBWAY TILES</Description>
  </UserDefinedCode>
  <UserDefinedCode>
    <Code>TERRACOTTA</Code>
    <Description>TERRACOTTA TILES</Description>
  </UserDefinedCode>
  <UserDefinedCode>
    <Code>TOOLS</Code>
    <Description>TILING TOOLS</Description>
  </UserDefinedCode>
  <UserDefinedCode>
    <Code>WALL</Code>
    <Description>WALL TILES</Description>
  </UserDefinedCode>
</UserDefinedCodes>
