<UserDefinedCodes xmlns="http://www.clearsoftware.com.au">
  <UserDefinedCode>
    <Code>100WHITES</Code>
    <Description>WHITES</Description>
  </UserDefinedCode>
  <UserDefinedCode>
    <Code>120OFFWHIT</Code>
    <Description>OFF-WHITES</Description>
  </UserDefinedCode>
  <UserDefinedCode>
    <Code>140CREAMS</Code>
    <Description>CREAMS</Description>
  </UserDefinedCode>
  <UserDefinedCode>
    <Code>160BEIGES</Code>
    <Description>BEIGES</Description>
  </UserDefinedCode>
  <UserDefinedCode>
    <Code>170CARAMEL</Code>
    <Description>CARAMELS</Description>
  </UserDefinedCode>
  <UserDefinedCode>
    <Code>180OLIVES</Code>
    <Description>OLIVES</Description>
  </UserDefinedCode>
  <UserDefinedCode>
    <Code>200TAUPES</Code>
    <Description>TAUPES</Description>
  </UserDefinedCode>
  <UserDefinedCode>
    <Code>220CHOCOLA</Code>
    <Description>CHOCOLATES / BROWNS</Description>
  </UserDefinedCode>
  <UserDefinedCode>
    <Code>240GREENS</Code>
    <Description>GREENS</Description>
  </UserDefinedCode>
  <UserDefinedCode>
    <Code>260BLUES</Code>
    <Description>BLUES</Description>
  </UserDefinedCode>
  <UserDefinedCode>
    <Code>280GREYS</Code>
    <Description>GREYS</Description>
  </UserDefinedCode>
  <UserDefinedCode>
    <Code>300CHARCOA</Code>
    <Description>CHARCOALS</Description>
  </UserDefinedCode>
  <UserDefinedCode>
    <Code>320BLACKS</Code>
    <Description>BLACKS</Description>
  </UserDefinedCode>
  <UserDefinedCode>
    <Code>340PINKS</Code>
    <Description>PINKS</Description>
  </UserDefinedCode>
  <UserDefinedCode>
    <Code>360PURPLES</Code>
    <Description>PURPLES</Description>
  </UserDefinedCode>
  <UserDefinedCode>
    <Code>380ORANGES</Code>
    <Description>ORANGES</Description>
  </UserDefinedCode>
  <UserDefinedCode>
    <Code>400YELLOWS</Code>
    <Description>YELLOWS</Description>
  </UserDefinedCode>
  <UserDefinedCode>
    <Code>420TERRACO</Code>
    <Description>TERRACOTTAS</Description>
  </UserDefinedCode>
  <UserDefinedCode>
    <Code>440REDS</Code>
    <Description>REDS</Description>
  </UserDefinedCode>
  <UserDefinedCode>
    <Code>460METALLI</Code>
    <Description>METALLICS</Description>
  </UserDefinedCode>
  <UserDefinedCode>
    <Code>480MULTICO</Code>
    <Description>MULTICOLOUR</Description>
  </UserDefinedCode>
</UserDefinedCodes>
