<Categories xmlns="http://www.clearsoftware.com.au">
  <Category>
    <Code>1BN</Code>
    <Desc>BULLNOSE</Desc>
  </Category>
  <Category>
    <Code>1CO</Code>
    <Desc>COVE TILE</Desc>
  </Category>
  <Category>
    <Code>1FE</Code>
    <Desc>FLOOR FEATURE</Desc>
  </Category>
  <Category>
    <Code>1FL</Code>
    <Desc>FLOOR TILE</Desc>
  </Category>
  <Category>
    <Code>1MO</Code>
    <Desc>MOSAIC TILE</Desc>
  </Category>
  <Category>
    <Code>1PB</Code>
    <Desc>PEBBLES</Desc>
  </Category>
  <Category>
    <Code>1TE</Code>
    <Desc>TERRACOTTA/QUARRY TILE</Desc>
  </Category>
  <Category>
    <Code>1TI</Code>
    <Desc>TIMBER/BAMBOO FLOORING</Desc>
  </Category>
  <Category>
    <Code>1TR</Code>
    <Desc>TREAD TILE</Desc>
  </Category>
  <Category>
    <Code>2GR</Code>
    <Desc>GRANITE TILE</Desc>
  </Category>
  <Category>
    <Code>2MA</Code>
    <Desc>MARBLE TILE</Desc>
  </Category>
  <Category>
    <Code>2PO</Code>
    <Desc>POOL BORDER</Desc>
  </Category>
  <Category>
    <Code>2SA</Code>
    <Desc>SANDSTONE/LIMESTONE</Desc>
  </Category>
  <Category>
    <Code>2SL</Code>
    <Desc>STONE/SLATE TILE</Desc>
  </Category>
  <Category>
    <Code>3FE</Code>
    <Desc>WALL FEATURE</Desc>
  </Category>
  <Category>
    <Code>3WA</Code>
    <Desc>WALL TILE</Desc>
  </Category>
  <Category>
    <Code>9AD</Code>
    <Desc>ADHESIVES - GENERAL</Desc>
  </Category>
  <Category>
    <Code>9BA</Code>
    <Desc>BATHROOM FITTINGS, GRATES</Desc>
  </Category>
  <Category>
    <Code>9DI</Code>
    <Desc>DISPLAY STANDS, BOARDS, ETC</Desc>
  </Category>
  <Category>
    <Code>9GR</Code>
    <Desc>GROUTS, CAULKING &amp; SILICONE</Desc>
  </Category>
  <Category>
    <Code>9PA</Code>
    <Desc>PAVERS</Desc>
  </Category>
  <Category>
    <Code>9SE</Code>
    <Desc>SEALERS, CLEANERS ETC</Desc>
  </Category>
  <Category>
    <Code>9TI</Code>
    <Desc>TILE TRIM/ANGLES</Desc>
  </Category>
  <Category>
    <Code>9TO</Code>
    <Desc>TOOLS, TILE CUTTERS ETC</Desc>
  </Category>
  <Category>
    <Code>9VY</Code>
    <Desc>VINYL TILE</Desc>
  </Category>
  <Category>
    <Code>D</Code>
    <Desc>DECORS</Desc>
  </Category>
  <Category>
    <Code>FREIGHT</Code>
    <Desc>DELIVERY FEE</Desc>
  </Category>
  <Category>
    <Code>MISC</Code>
    <Desc>MISC</Desc>
  </Category>
  <Category>
    <Code>SDI</Code>
    <Desc>STATEMENT DISCOUNTS</Desc>
  </Category>
  <Category>
    <Code>XXX</Code>
    <Desc>DELETED ITEMS</Desc>
  </Category>
  <Category>
    <Code>ZZAMEX</Code>
    <Desc>AMERICAN EXPRESS/DINERS SURCHARGE</Desc>
  </Category>
  <Category>
    <Code>ZZCOMMISSI</Code>
    <Desc>COMMISSIONS PAID ON SALES</Desc>
  </Category>
  <Category>
    <Code>ZZGST</Code>
    <Desc>GST</Desc>
  </Category>
  <Category>
    <Code>ZZROUND</Code>
    <Desc>ROUNDING</Desc>
  </Category>
</Categories>
