<UserDefinedCodes xmlns="http://www.clearsoftware.com.au">
  <UserDefinedCode>
    <Code>1000</Code>
    <Description>BRISBANE</Description>
  </UserDefinedCode>
  <UserDefinedCode>
    <Code>1050</Code>
    <Description>BRISBANE, SYDNEY</Description>
  </UserDefinedCode>
  <UserDefinedCode>
    <Code>1100</Code>
    <Description>BRISBANE, SYDNEY, MELBOURNE</Description>
  </UserDefinedCode>
  <UserDefinedCode>
    <Code>1150</Code>
    <Description>BRISBANE, SYDNEY, MELBOURNE, ADELAIDE</Description>
  </UserDefinedCode>
  <UserDefinedCode>
    <Code>1200</Code>
    <Description>BRISBANE, SYDNEY, MELBOURNE, ADELAIDE, PERTH</Description>
  </UserDefinedCode>
  <UserDefinedCode>
    <Code>1250</Code>
    <Description>BRISBANE, MELBOURNE</Description>
  </UserDefinedCode>
  <UserDefinedCode>
    <Code>1300</Code>
    <Description>BRISBANE, MELBOURNE, ADELAIDE</Description>
  </UserDefinedCode>
  <UserDefinedCode>
    <Code>1350</Code>
    <Description>BRISBANE, MELBOURNE, ADELAIDE, PERTH</Description>
  </UserDefinedCode>
  <UserDefinedCode>
    <Code>1400</Code>
    <Description>BRISBANE, ADELAIDE</Description>
  </UserDefinedCode>
  <UserDefinedCode>
    <Code>1450</Code>
    <Description>BRISBANE, ADELAIDE, SYDNEY</Description>
  </UserDefinedCode>
  <UserDefinedCode>
    <Code>1500</Code>
    <Description>BRISBANE, ADELAIDE, SYDNEY, PERTH</Description>
  </UserDefinedCode>
  <UserDefinedCode>
    <Code>1550</Code>
    <Description>BRISBANE, PERTH</Description>
  </UserDefinedCode>
  <UserDefinedCode>
    <Code>1600</Code>
    <Description>BRISBANE, PERTH, SYDNEY</Description>
  </UserDefinedCode>
  <UserDefinedCode>
    <Code>1650</Code>
    <Description>BRISBANE, PERTH, MELBOURNE</Description>
  </UserDefinedCode>
  <UserDefinedCode>
    <Code>1700</Code>
    <Description>BRISBANE, PERTH, ADELAIDE</Description>
  </UserDefinedCode>
</UserDefinedCodes>
