<UserDefinedCodes xmlns="http://www.clearsoftware.com.au">
  <UserDefinedCode>
    <Code>3D</Code>
    <Description>3 DIMENSIONAL</Description>
  </UserDefinedCode>
  <UserDefinedCode>
    <Code>AGED</Code>
    <Description>AGED EFFECT</Description>
  </UserDefinedCode>
  <UserDefinedCode>
    <Code>AGGREGATE</Code>
    <Description>AGGREGATE EFFECT</Description>
  </UserDefinedCode>
  <UserDefinedCode>
    <Code>CHESSBOARD</Code>
    <Description>CHESSBOARD</Description>
  </UserDefinedCode>
  <UserDefinedCode>
    <Code>CONCRETE</Code>
    <Description>CONCRETE</Description>
  </UserDefinedCode>
  <UserDefinedCode>
    <Code>FLORAL</Code>
    <Description>FLORAL</Description>
  </UserDefinedCode>
  <UserDefinedCode>
    <Code>GEOMETRIC</Code>
    <Description>GEOMETRIC</Description>
  </UserDefinedCode>
  <UserDefinedCode>
    <Code>LINEAR</Code>
    <Description>LINEAR PATTERN</Description>
  </UserDefinedCode>
  <UserDefinedCode>
    <Code>MARBLE</Code>
    <Description>MARBLE EFFECT</Description>
  </UserDefinedCode>
  <UserDefinedCode>
    <Code>METALLIC</Code>
    <Description>METALLIC EFFECT</Description>
  </UserDefinedCode>
  <UserDefinedCode>
    <Code>MIXED</Code>
    <Description>MIXED PATTERNS</Description>
  </UserDefinedCode>
  <UserDefinedCode>
    <Code>MOTTLE</Code>
    <Description>MOTTLE</Description>
  </UserDefinedCode>
  <UserDefinedCode>
    <Code>SANDSTONE</Code>
    <Description>SANDSTONE PATTERN</Description>
  </UserDefinedCode>
  <UserDefinedCode>
    <Code>SLATE</Code>
    <Description>SLATE</Description>
  </UserDefinedCode>
  <UserDefinedCode>
    <Code>SPECKLED</Code>
    <Description>SPECKLED</Description>
  </UserDefinedCode>
  <UserDefinedCode>
    <Code>STENCIL</Code>
    <Description>STENCIL</Description>
  </UserDefinedCode>
  <UserDefinedCode>
    <Code>STONE</Code>
    <Description>STONE</Description>
  </UserDefinedCode>
  <UserDefinedCode>
    <Code>TIMBER</Code>
    <Description>TIMBER LOOK</Description>
  </UserDefinedCode>
  <UserDefinedCode>
    <Code>TRAVERTINE</Code>
    <Description>TRAVERTINE EFFECT</Description>
  </UserDefinedCode>
  <UserDefinedCode>
    <Code>UNICOLOUR</Code>
    <Description>UNICOLOUR</Description>
  </UserDefinedCode>
  <UserDefinedCode>
    <Code>VARIEGATED</Code>
    <Description>VARIEGATED TONES</Description>
  </UserDefinedCode>
</UserDefinedCodes>
