<UserDefinedCodes xmlns="http://www.clearsoftware.com.au">
  <UserDefinedCode>
    <Code>BUSHHAMMER</Code>
    <Description>BUSH HAMMERED FINISH</Description>
  </UserDefinedCode>
  <UserDefinedCode>
    <Code>CHECKERPLA</Code>
    <Description>CHECKERPLATE</Description>
  </UserDefinedCode>
  <UserDefinedCode>
    <Code>COARSEMATT</Code>
    <Description>COARSE MATT</Description>
  </UserDefinedCode>
  <UserDefinedCode>
    <Code>CROSSHATCH</Code>
    <Description>CROSS HATCH</Description>
  </UserDefinedCode>
  <UserDefinedCode>
    <Code>DIAMOND</Code>
    <Description>DIAMOND FINISH</Description>
  </UserDefinedCode>
  <UserDefinedCode>
    <Code>DISCFACE</Code>
    <Description>DISCFACE FINISH</Description>
  </UserDefinedCode>
  <UserDefinedCode>
    <Code>FLAMED</Code>
    <Description>FLAMED FINISH</Description>
  </UserDefinedCode>
  <UserDefinedCode>
    <Code>GLOSS</Code>
    <Description>GLOSS FINISH</Description>
  </UserDefinedCode>
  <UserDefinedCode>
    <Code>HONED</Code>
    <Description>HONED FINISH</Description>
  </UserDefinedCode>
  <UserDefinedCode>
    <Code>LAPPATO</Code>
    <Description>LAPPATO (SEMI POLISHED) FINISH</Description>
  </UserDefinedCode>
  <UserDefinedCode>
    <Code>LINEARCHIS</Code>
    <Description>LINEAR CHISELLED FINISH</Description>
  </UserDefinedCode>
  <UserDefinedCode>
    <Code>MATT</Code>
    <Description>MATT FINISH</Description>
  </UserDefinedCode>
  <UserDefinedCode>
    <Code>MIXED</Code>
    <Description>MIXED SURFACE FINISHES</Description>
  </UserDefinedCode>
  <UserDefinedCode>
    <Code>NATURAL</Code>
    <Description>NATURAL SPLIT</Description>
  </UserDefinedCode>
  <UserDefinedCode>
    <Code>NATURALFIN</Code>
    <Description>NATURAL FINISH</Description>
  </UserDefinedCode>
  <UserDefinedCode>
    <Code>POLISH</Code>
    <Description>POLISHED FINISH</Description>
  </UserDefinedCode>
  <UserDefinedCode>
    <Code>POLISH-N</Code>
    <Description>POLISHED -- NANO TREATED</Description>
  </UserDefinedCode>
  <UserDefinedCode>
    <Code>POLISH-P</Code>
    <Description>POLISHED - PRESEALED</Description>
  </UserDefinedCode>
  <UserDefinedCode>
    <Code>ROCKFACE</Code>
    <Description>ROCKFACE FINISH</Description>
  </UserDefinedCode>
  <UserDefinedCode>
    <Code>SANDBLAST</Code>
    <Description>SANDBLASTED FINISH</Description>
  </UserDefinedCode>
  <UserDefinedCode>
    <Code>SATIN</Code>
    <Description>SATIN FINISH</Description>
  </UserDefinedCode>
  <UserDefinedCode>
    <Code>SLIPRESIST</Code>
    <Description>SLIP-RESISTANT FINISH</Description>
  </UserDefinedCode>
  <UserDefinedCode>
    <Code>TACTILEDAS</Code>
    <Description>TACTILE DASH (DIRECTIONAL)</Description>
  </UserDefinedCode>
  <UserDefinedCode>
    <Code>TACTILEDOT</Code>
    <Description>TACTILE DOT (HAZARD)</Description>
  </UserDefinedCode>
  <UserDefinedCode>
    <Code>TUMBLED</Code>
    <Description>TUMBLED FINISH</Description>
  </UserDefinedCode>
</UserDefinedCodes>
