<UserDefinedCodes xmlns="http://www.clearsoftware.com.au">
  <UserDefinedCode>
    <Code>CLADDING</Code>
    <Description>WALL CLADDING</Description>
  </UserDefinedCode>
  <UserDefinedCode>
    <Code>EDGING</Code>
    <Description>EDGING</Description>
  </UserDefinedCode>
  <UserDefinedCode>
    <Code>EXTFLOOR</Code>
    <Description>EXTERNAL FLOOR</Description>
  </UserDefinedCode>
  <UserDefinedCode>
    <Code>FLOOR&amp;WALL</Code>
    <Description>FLOOR &amp; WALL</Description>
  </UserDefinedCode>
  <UserDefinedCode>
    <Code>INT&amp;EXT</Code>
    <Description>INTERNAL &amp; EXTERNAL</Description>
  </UserDefinedCode>
  <UserDefinedCode>
    <Code>PAVING</Code>
    <Description>PAVING</Description>
  </UserDefinedCode>
  <UserDefinedCode>
    <Code>POOL</Code>
    <Description>POOL INTERIOR</Description>
  </UserDefinedCode>
  <UserDefinedCode>
    <Code>WALL</Code>
    <Description>WALL ONLY</Description>
  </UserDefinedCode>
</UserDefinedCodes>
